page_id,target_route,locale,wave,locale_action,old_alias,page_gate,locale_gate,status,next_action,classified,publication_ready
PAGE_HOME,/,ar,0,ALREADY_ACTIVE_CANONICAL,,PASS_STATIC_HOLD_RELEASE,HOLD_DERIVED_LOCALE_REVIEW,HOLD_CONTENT_REBASE_HUMAN_LINGUISTIC_REVIEW,REBASE_FROM_PT_BR_SUCCESSOR_THEN_HUMAN_LINGUISTIC_REVIEW,True,False
PAGE_HOME,/,de,0,ALREADY_ACTIVE_CANONICAL,,PASS_STATIC_HOLD_RELEASE,HOLD_DERIVED_LOCALE_REVIEW,HOLD_CONTENT_REBASE_HUMAN_LINGUISTIC_REVIEW,REBASE_FROM_PT_BR_SUCCESSOR_THEN_HUMAN_LINGUISTIC_REVIEW,True,False
PAGE_HOME,/,en,0,ALREADY_ACTIVE_CANONICAL,,PASS_STATIC_HOLD_RELEASE,HOLD_DERIVED_LOCALE_REVIEW,HOLD_CONTENT_REBASE_HUMAN_LINGUISTIC_REVIEW,REBASE_FROM_PT_BR_SUCCESSOR_THEN_HUMAN_LINGUISTIC_REVIEW,True,False
PAGE_HOME,/,es,0,ALREADY_ACTIVE_CANONICAL,,PASS_STATIC_HOLD_RELEASE,HOLD_DERIVED_LOCALE_REVIEW,HOLD_CONTENT_REBASE_HUMAN_LINGUISTIC_REVIEW,REBASE_FROM_PT_BR_SUCCESSOR_THEN_HUMAN_LINGUISTIC_REVIEW,True,False
PAGE_HOME,/,fr,0,ALREADY_ACTIVE_CANONICAL,,PASS_STATIC_HOLD_RELEASE,HOLD_DERIVED_LOCALE_REVIEW,HOLD_CONTENT_REBASE_HUMAN_LINGUISTIC_REVIEW,REBASE_FROM_PT_BR_SUCCESSOR_THEN_HUMAN_LINGUISTIC_REVIEW,True,False
PAGE_HOME,/,it,0,ALREADY_ACTIVE_CANONICAL,,PASS_STATIC_HOLD_RELEASE,HOLD_DERIVED_LOCALE_REVIEW,HOLD_CONTENT_REBASE_HUMAN_LINGUISTIC_REVIEW,REBASE_FROM_PT_BR_SUCCESSOR_THEN_HUMAN_LINGUISTIC_REVIEW,True,False
PAGE_HOME,/,ja,0,ALREADY_ACTIVE_CANONICAL,,PASS_STATIC_HOLD_RELEASE,HOLD_DERIVED_LOCALE_REVIEW,HOLD_CONTENT_REBASE_HUMAN_LINGUISTIC_REVIEW,REBASE_FROM_PT_BR_SUCCESSOR_THEN_HUMAN_LINGUISTIC_REVIEW,True,False
PAGE_HOME,/,pt-BR,0,ALREADY_ACTIVE_CANONICAL,,PASS_STATIC_HOLD_RELEASE,PASS_SOURCE_LOCALE_STATIC,PASS_STATIC_HOLD_RELEASE,CHECKER_AUDIT_AND_RESOLVE_PAGE_SCOPED_HOLDS,True,False
PAGE_HOME,/,bg-BG,1,NEW_BASE_LANGUAGE_TRANSLATION,,PASS_STATIC_HOLD_RELEASE,HOLD_TRANSLATION_AND_DERIVED_LOCALE_REVIEW,HOLD_TRANSLATION_REQUIRED_HUMAN_REVIEW,CREATE_TRANSLATION_FROM_CONTROLLED_PT_BR_THEN_HUMAN_LINGUISTIC_REVIEW,True,False
PAGE_HOME,/,cs-CZ,1,NEW_BASE_LANGUAGE_TRANSLATION,,PASS_STATIC_HOLD_RELEASE,HOLD_TRANSLATION_AND_DERIVED_LOCALE_REVIEW,HOLD_TRANSLATION_REQUIRED_HUMAN_REVIEW,CREATE_TRANSLATION_FROM_CONTROLLED_PT_BR_THEN_HUMAN_LINGUISTIC_REVIEW,True,False
PAGE_HOME,/,da-DK,1,NEW_BASE_LANGUAGE_TRANSLATION,,PASS_STATIC_HOLD_RELEASE,HOLD_TRANSLATION_AND_DERIVED_LOCALE_REVIEW,HOLD_TRANSLATION_REQUIRED_HUMAN_REVIEW,CREATE_TRANSLATION_FROM_CONTROLLED_PT_BR_THEN_HUMAN_LINGUISTIC_REVIEW,True,False
PAGE_HOME,/,fi-FI,1,NEW_BASE_LANGUAGE_TRANSLATION,,PASS_STATIC_HOLD_RELEASE,HOLD_TRANSLATION_AND_DERIVED_LOCALE_REVIEW,HOLD_TRANSLATION_REQUIRED_HUMAN_REVIEW,CREATE_TRANSLATION_FROM_CONTROLLED_PT_BR_THEN_HUMAN_LINGUISTIC_REVIEW,True,False
PAGE_HOME,/,hr-HR,1,NEW_BASE_LANGUAGE_TRANSLATION,,PASS_STATIC_HOLD_RELEASE,HOLD_TRANSLATION_AND_DERIVED_LOCALE_REVIEW,HOLD_TRANSLATION_REQUIRED_HUMAN_REVIEW,CREATE_TRANSLATION_FROM_CONTROLLED_PT_BR_THEN_HUMAN_LINGUISTIC_REVIEW,True,False
PAGE_HOME,/,hu-HU,1,NEW_BASE_LANGUAGE_TRANSLATION,,PASS_STATIC_HOLD_RELEASE,HOLD_TRANSLATION_AND_DERIVED_LOCALE_REVIEW,HOLD_TRANSLATION_REQUIRED_HUMAN_REVIEW,CREATE_TRANSLATION_FROM_CONTROLLED_PT_BR_THEN_HUMAN_LINGUISTIC_REVIEW,True,False
PAGE_HOME,/,no-NO,1,NEW_BASE_LANGUAGE_TRANSLATION,,PASS_STATIC_HOLD_RELEASE,HOLD_TRANSLATION_AND_DERIVED_LOCALE_REVIEW,HOLD_TRANSLATION_REQUIRED_HUMAN_REVIEW,CREATE_TRANSLATION_FROM_CONTROLLED_PT_BR_THEN_HUMAN_LINGUISTIC_REVIEW,True,False
PAGE_HOME,/,ro-RO,1,NEW_BASE_LANGUAGE_TRANSLATION,,PASS_STATIC_HOLD_RELEASE,HOLD_TRANSLATION_AND_DERIVED_LOCALE_REVIEW,HOLD_TRANSLATION_REQUIRED_HUMAN_REVIEW,CREATE_TRANSLATION_FROM_CONTROLLED_PT_BR_THEN_HUMAN_LINGUISTIC_REVIEW,True,False
PAGE_HOME,/,sl-SI,1,NEW_BASE_LANGUAGE_TRANSLATION,,PASS_STATIC_HOLD_RELEASE,HOLD_TRANSLATION_AND_DERIVED_LOCALE_REVIEW,HOLD_TRANSLATION_REQUIRED_HUMAN_REVIEW,CREATE_TRANSLATION_FROM_CONTROLLED_PT_BR_THEN_HUMAN_LINGUISTIC_REVIEW,True,False
PAGE_HOME,/,sr-RS,1,NEW_BASE_LANGUAGE_TRANSLATION,,PASS_STATIC_HOLD_RELEASE,HOLD_TRANSLATION_AND_DERIVED_LOCALE_REVIEW,HOLD_TRANSLATION_REQUIRED_HUMAN_REVIEW,CREATE_TRANSLATION_FROM_CONTROLLED_PT_BR_THEN_HUMAN_LINGUISTIC_REVIEW,True,False
PAGE_HOME,/,th-TH,1,NEW_BASE_LANGUAGE_TRANSLATION,,PASS_STATIC_HOLD_RELEASE,HOLD_TRANSLATION_AND_DERIVED_LOCALE_REVIEW,HOLD_TRANSLATION_REQUIRED_HUMAN_REVIEW,CREATE_TRANSLATION_FROM_CONTROLLED_PT_BR_THEN_HUMAN_LINGUISTIC_REVIEW,True,False
PAGE_HOME,/,hi-IN,1,CANONICALIZE_EXISTING_ALIAS,hi,PASS_STATIC_HOLD_RELEASE,HOLD_ALIAS_AND_DERIVED_LOCALE_REVIEW,HOLD_ALIAS_CANONICALIZATION_CONTENT_REBASE_HUMAN_REVIEW,CANONICALIZE_ALIAS_REBASE_CONTENT_THEN_HUMAN_LINGUISTIC_REVIEW,True,False
PAGE_HOME,/,id-ID,1,CANONICALIZE_EXISTING_ALIAS,id,PASS_STATIC_HOLD_RELEASE,HOLD_ALIAS_AND_DERIVED_LOCALE_REVIEW,HOLD_ALIAS_CANONICALIZATION_CONTENT_REBASE_HUMAN_REVIEW,CANONICALIZE_ALIAS_REBASE_CONTENT_THEN_HUMAN_LINGUISTIC_REVIEW,True,False
PAGE_HOME,/,ko-KR,1,CANONICALIZE_EXISTING_ALIAS,ko,PASS_STATIC_HOLD_RELEASE,HOLD_ALIAS_AND_DERIVED_LOCALE_REVIEW,HOLD_ALIAS_CANONICALIZATION_CONTENT_REBASE_HUMAN_REVIEW,CANONICALIZE_ALIAS_REBASE_CONTENT_THEN_HUMAN_LINGUISTIC_REVIEW,True,False
PAGE_HOME,/,nl-NL,1,CANONICALIZE_EXISTING_ALIAS,nl,PASS_STATIC_HOLD_RELEASE,HOLD_ALIAS_AND_DERIVED_LOCALE_REVIEW,HOLD_ALIAS_CANONICALIZATION_CONTENT_REBASE_HUMAN_REVIEW,CANONICALIZE_ALIAS_REBASE_CONTENT_THEN_HUMAN_LINGUISTIC_REVIEW,True,False
PAGE_HOME,/,pl-PL,1,CANONICALIZE_EXISTING_ALIAS,pl,PASS_STATIC_HOLD_RELEASE,HOLD_ALIAS_AND_DERIVED_LOCALE_REVIEW,HOLD_ALIAS_CANONICALIZATION_CONTENT_REBASE_HUMAN_REVIEW,CANONICALIZE_ALIAS_REBASE_CONTENT_THEN_HUMAN_LINGUISTIC_REVIEW,True,False
PAGE_HOME,/,ru-RU,1,CANONICALIZE_EXISTING_ALIAS,ru,PASS_STATIC_HOLD_RELEASE,HOLD_ALIAS_AND_DERIVED_LOCALE_REVIEW,HOLD_ALIAS_CANONICALIZATION_CONTENT_REBASE_HUMAN_REVIEW,CANONICALIZE_ALIAS_REBASE_CONTENT_THEN_HUMAN_LINGUISTIC_REVIEW,True,False
PAGE_HOME,/,sv-SE,1,CANONICALIZE_EXISTING_ALIAS,sv,PASS_STATIC_HOLD_RELEASE,HOLD_ALIAS_AND_DERIVED_LOCALE_REVIEW,HOLD_ALIAS_CANONICALIZATION_CONTENT_REBASE_HUMAN_REVIEW,CANONICALIZE_ALIAS_REBASE_CONTENT_THEN_HUMAN_LINGUISTIC_REVIEW,True,False
PAGE_HOME,/,tr-TR,1,CANONICALIZE_EXISTING_ALIAS,tr,PASS_STATIC_HOLD_RELEASE,HOLD_ALIAS_AND_DERIVED_LOCALE_REVIEW,HOLD_ALIAS_CANONICALIZATION_CONTENT_REBASE_HUMAN_REVIEW,CANONICALIZE_ALIAS_REBASE_CONTENT_THEN_HUMAN_LINGUISTIC_REVIEW,True,False
PAGE_HOME,/,uk-UA,1,CANONICALIZE_EXISTING_ALIAS,uk,PASS_STATIC_HOLD_RELEASE,HOLD_ALIAS_AND_DERIVED_LOCALE_REVIEW,HOLD_ALIAS_CANONICALIZATION_CONTENT_REBASE_HUMAN_REVIEW,CANONICALIZE_ALIAS_REBASE_CONTENT_THEN_HUMAN_LINGUISTIC_REVIEW,True,False
PAGE_HOME,/,vi-VN,1,CANONICALIZE_EXISTING_ALIAS,vi,PASS_STATIC_HOLD_RELEASE,HOLD_ALIAS_AND_DERIVED_LOCALE_REVIEW,HOLD_ALIAS_CANONICALIZATION_CONTENT_REBASE_HUMAN_REVIEW,CANONICALIZE_ALIAS_REBASE_CONTENT_THEN_HUMAN_LINGUISTIC_REVIEW,True,False
PAGE_HOME,/,zh-CN,1,CANONICALIZE_EXISTING_ALIAS,zh,PASS_STATIC_HOLD_RELEASE,HOLD_ALIAS_AND_DERIVED_LOCALE_REVIEW,HOLD_ALIAS_CANONICALIZATION_CONTENT_REBASE_HUMAN_REVIEW,CANONICALIZE_ALIAS_REBASE_CONTENT_THEN_HUMAN_LINGUISTIC_REVIEW,True,False
PAGE_ABOUT,/missao.html,ar,0,ALREADY_ACTIVE_CANONICAL,,PASS_STATIC_HOLD_RELEASE,HOLD_DERIVED_LOCALE_REVIEW,HOLD_CONTENT_REBASE_HUMAN_LINGUISTIC_REVIEW,REBASE_FROM_PT_BR_SUCCESSOR_THEN_HUMAN_LINGUISTIC_REVIEW,True,False
PAGE_ABOUT,/missao.html,de,0,ALREADY_ACTIVE_CANONICAL,,PASS_STATIC_HOLD_RELEASE,HOLD_DERIVED_LOCALE_REVIEW,HOLD_CONTENT_REBASE_HUMAN_LINGUISTIC_REVIEW,REBASE_FROM_PT_BR_SUCCESSOR_THEN_HUMAN_LINGUISTIC_REVIEW,True,False
PAGE_ABOUT,/missao.html,en,0,ALREADY_ACTIVE_CANONICAL,,PASS_STATIC_HOLD_RELEASE,HOLD_DERIVED_LOCALE_REVIEW,HOLD_CONTENT_REBASE_HUMAN_LINGUISTIC_REVIEW,REBASE_FROM_PT_BR_SUCCESSOR_THEN_HUMAN_LINGUISTIC_REVIEW,True,False
PAGE_ABOUT,/missao.html,es,0,ALREADY_ACTIVE_CANONICAL,,PASS_STATIC_HOLD_RELEASE,HOLD_DERIVED_LOCALE_REVIEW,HOLD_CONTENT_REBASE_HUMAN_LINGUISTIC_REVIEW,REBASE_FROM_PT_BR_SUCCESSOR_THEN_HUMAN_LINGUISTIC_REVIEW,True,False
PAGE_ABOUT,/missao.html,fr,0,ALREADY_ACTIVE_CANONICAL,,PASS_STATIC_HOLD_RELEASE,HOLD_DERIVED_LOCALE_REVIEW,HOLD_CONTENT_REBASE_HUMAN_LINGUISTIC_REVIEW,REBASE_FROM_PT_BR_SUCCESSOR_THEN_HUMAN_LINGUISTIC_REVIEW,True,False
PAGE_ABOUT,/missao.html,it,0,ALREADY_ACTIVE_CANONICAL,,PASS_STATIC_HOLD_RELEASE,HOLD_DERIVED_LOCALE_REVIEW,HOLD_CONTENT_REBASE_HUMAN_LINGUISTIC_REVIEW,REBASE_FROM_PT_BR_SUCCESSOR_THEN_HUMAN_LINGUISTIC_REVIEW,True,False
PAGE_ABOUT,/missao.html,ja,0,ALREADY_ACTIVE_CANONICAL,,PASS_STATIC_HOLD_RELEASE,HOLD_DERIVED_LOCALE_REVIEW,HOLD_CONTENT_REBASE_HUMAN_LINGUISTIC_REVIEW,REBASE_FROM_PT_BR_SUCCESSOR_THEN_HUMAN_LINGUISTIC_REVIEW,True,False
PAGE_ABOUT,/missao.html,pt-BR,0,ALREADY_ACTIVE_CANONICAL,,PASS_STATIC_HOLD_RELEASE,PASS_SOURCE_LOCALE_STATIC,PASS_STATIC_HOLD_RELEASE,CHECKER_AUDIT_AND_RESOLVE_PAGE_SCOPED_HOLDS,True,False
PAGE_ABOUT,/missao.html,bg-BG,1,NEW_BASE_LANGUAGE_TRANSLATION,,PASS_STATIC_HOLD_RELEASE,HOLD_TRANSLATION_AND_DERIVED_LOCALE_REVIEW,HOLD_TRANSLATION_REQUIRED_HUMAN_REVIEW,CREATE_TRANSLATION_FROM_CONTROLLED_PT_BR_THEN_HUMAN_LINGUISTIC_REVIEW,True,False
PAGE_ABOUT,/missao.html,cs-CZ,1,NEW_BASE_LANGUAGE_TRANSLATION,,PASS_STATIC_HOLD_RELEASE,HOLD_TRANSLATION_AND_DERIVED_LOCALE_REVIEW,HOLD_TRANSLATION_REQUIRED_HUMAN_REVIEW,CREATE_TRANSLATION_FROM_CONTROLLED_PT_BR_THEN_HUMAN_LINGUISTIC_REVIEW,True,False
PAGE_ABOUT,/missao.html,da-DK,1,NEW_BASE_LANGUAGE_TRANSLATION,,PASS_STATIC_HOLD_RELEASE,HOLD_TRANSLATION_AND_DERIVED_LOCALE_REVIEW,HOLD_TRANSLATION_REQUIRED_HUMAN_REVIEW,CREATE_TRANSLATION_FROM_CONTROLLED_PT_BR_THEN_HUMAN_LINGUISTIC_REVIEW,True,False
PAGE_ABOUT,/missao.html,fi-FI,1,NEW_BASE_LANGUAGE_TRANSLATION,,PASS_STATIC_HOLD_RELEASE,HOLD_TRANSLATION_AND_DERIVED_LOCALE_REVIEW,HOLD_TRANSLATION_REQUIRED_HUMAN_REVIEW,CREATE_TRANSLATION_FROM_CONTROLLED_PT_BR_THEN_HUMAN_LINGUISTIC_REVIEW,True,False
PAGE_ABOUT,/missao.html,hr-HR,1,NEW_BASE_LANGUAGE_TRANSLATION,,PASS_STATIC_HOLD_RELEASE,HOLD_TRANSLATION_AND_DERIVED_LOCALE_REVIEW,HOLD_TRANSLATION_REQUIRED_HUMAN_REVIEW,CREATE_TRANSLATION_FROM_CONTROLLED_PT_BR_THEN_HUMAN_LINGUISTIC_REVIEW,True,False
PAGE_ABOUT,/missao.html,hu-HU,1,NEW_BASE_LANGUAGE_TRANSLATION,,PASS_STATIC_HOLD_RELEASE,HOLD_TRANSLATION_AND_DERIVED_LOCALE_REVIEW,HOLD_TRANSLATION_REQUIRED_HUMAN_REVIEW,CREATE_TRANSLATION_FROM_CONTROLLED_PT_BR_THEN_HUMAN_LINGUISTIC_REVIEW,True,False
PAGE_ABOUT,/missao.html,no-NO,1,NEW_BASE_LANGUAGE_TRANSLATION,,PASS_STATIC_HOLD_RELEASE,HOLD_TRANSLATION_AND_DERIVED_LOCALE_REVIEW,HOLD_TRANSLATION_REQUIRED_HUMAN_REVIEW,CREATE_TRANSLATION_FROM_CONTROLLED_PT_BR_THEN_HUMAN_LINGUISTIC_REVIEW,True,False
PAGE_ABOUT,/missao.html,ro-RO,1,NEW_BASE_LANGUAGE_TRANSLATION,,PASS_STATIC_HOLD_RELEASE,HOLD_TRANSLATION_AND_DERIVED_LOCALE_REVIEW,HOLD_TRANSLATION_REQUIRED_HUMAN_REVIEW,CREATE_TRANSLATION_FROM_CONTROLLED_PT_BR_THEN_HUMAN_LINGUISTIC_REVIEW,True,False
PAGE_ABOUT,/missao.html,sl-SI,1,NEW_BASE_LANGUAGE_TRANSLATION,,PASS_STATIC_HOLD_RELEASE,HOLD_TRANSLATION_AND_DERIVED_LOCALE_REVIEW,HOLD_TRANSLATION_REQUIRED_HUMAN_REVIEW,CREATE_TRANSLATION_FROM_CONTROLLED_PT_BR_THEN_HUMAN_LINGUISTIC_REVIEW,True,False
PAGE_ABOUT,/missao.html,sr-RS,1,NEW_BASE_LANGUAGE_TRANSLATION,,PASS_STATIC_HOLD_RELEASE,HOLD_TRANSLATION_AND_DERIVED_LOCALE_REVIEW,HOLD_TRANSLATION_REQUIRED_HUMAN_REVIEW,CREATE_TRANSLATION_FROM_CONTROLLED_PT_BR_THEN_HUMAN_LINGUISTIC_REVIEW,True,False
PAGE_ABOUT,/missao.html,th-TH,1,NEW_BASE_LANGUAGE_TRANSLATION,,PASS_STATIC_HOLD_RELEASE,HOLD_TRANSLATION_AND_DERIVED_LOCALE_REVIEW,HOLD_TRANSLATION_REQUIRED_HUMAN_REVIEW,CREATE_TRANSLATION_FROM_CONTROLLED_PT_BR_THEN_HUMAN_LINGUISTIC_REVIEW,True,False
PAGE_ABOUT,/missao.html,hi-IN,1,CANONICALIZE_EXISTING_ALIAS,hi,PASS_STATIC_HOLD_RELEASE,HOLD_ALIAS_AND_DERIVED_LOCALE_REVIEW,HOLD_ALIAS_CANONICALIZATION_CONTENT_REBASE_HUMAN_REVIEW,CANONICALIZE_ALIAS_REBASE_CONTENT_THEN_HUMAN_LINGUISTIC_REVIEW,True,False
PAGE_ABOUT,/missao.html,id-ID,1,CANONICALIZE_EXISTING_ALIAS,id,PASS_STATIC_HOLD_RELEASE,HOLD_ALIAS_AND_DERIVED_LOCALE_REVIEW,HOLD_ALIAS_CANONICALIZATION_CONTENT_REBASE_HUMAN_REVIEW,CANONICALIZE_ALIAS_REBASE_CONTENT_THEN_HUMAN_LINGUISTIC_REVIEW,True,False
PAGE_ABOUT,/missao.html,ko-KR,1,CANONICALIZE_EXISTING_ALIAS,ko,PASS_STATIC_HOLD_RELEASE,HOLD_ALIAS_AND_DERIVED_LOCALE_REVIEW,HOLD_ALIAS_CANONICALIZATION_CONTENT_REBASE_HUMAN_REVIEW,CANONICALIZE_ALIAS_REBASE_CONTENT_THEN_HUMAN_LINGUISTIC_REVIEW,True,False
PAGE_ABOUT,/missao.html,nl-NL,1,CANONICALIZE_EXISTING_ALIAS,nl,PASS_STATIC_HOLD_RELEASE,HOLD_ALIAS_AND_DERIVED_LOCALE_REVIEW,HOLD_ALIAS_CANONICALIZATION_CONTENT_REBASE_HUMAN_REVIEW,CANONICALIZE_ALIAS_REBASE_CONTENT_THEN_HUMAN_LINGUISTIC_REVIEW,True,False
PAGE_ABOUT,/missao.html,pl-PL,1,CANONICALIZE_EXISTING_ALIAS,pl,PASS_STATIC_HOLD_RELEASE,HOLD_ALIAS_AND_DERIVED_LOCALE_REVIEW,HOLD_ALIAS_CANONICALIZATION_CONTENT_REBASE_HUMAN_REVIEW,CANONICALIZE_ALIAS_REBASE_CONTENT_THEN_HUMAN_LINGUISTIC_REVIEW,True,False
PAGE_ABOUT,/missao.html,ru-RU,1,CANONICALIZE_EXISTING_ALIAS,ru,PASS_STATIC_HOLD_RELEASE,HOLD_ALIAS_AND_DERIVED_LOCALE_REVIEW,HOLD_ALIAS_CANONICALIZATION_CONTENT_REBASE_HUMAN_REVIEW,CANONICALIZE_ALIAS_REBASE_CONTENT_THEN_HUMAN_LINGUISTIC_REVIEW,True,False
PAGE_ABOUT,/missao.html,sv-SE,1,CANONICALIZE_EXISTING_ALIAS,sv,PASS_STATIC_HOLD_RELEASE,HOLD_ALIAS_AND_DERIVED_LOCALE_REVIEW,HOLD_ALIAS_CANONICALIZATION_CONTENT_REBASE_HUMAN_REVIEW,CANONICALIZE_ALIAS_REBASE_CONTENT_THEN_HUMAN_LINGUISTIC_REVIEW,True,False
PAGE_ABOUT,/missao.html,tr-TR,1,CANONICALIZE_EXISTING_ALIAS,tr,PASS_STATIC_HOLD_RELEASE,HOLD_ALIAS_AND_DERIVED_LOCALE_REVIEW,HOLD_ALIAS_CANONICALIZATION_CONTENT_REBASE_HUMAN_REVIEW,CANONICALIZE_ALIAS_REBASE_CONTENT_THEN_HUMAN_LINGUISTIC_REVIEW,True,False
PAGE_ABOUT,/missao.html,uk-UA,1,CANONICALIZE_EXISTING_ALIAS,uk,PASS_STATIC_HOLD_RELEASE,HOLD_ALIAS_AND_DERIVED_LOCALE_REVIEW,HOLD_ALIAS_CANONICALIZATION_CONTENT_REBASE_HUMAN_REVIEW,CANONICALIZE_ALIAS_REBASE_CONTENT_THEN_HUMAN_LINGUISTIC_REVIEW,True,False
PAGE_ABOUT,/missao.html,vi-VN,1,CANONICALIZE_EXISTING_ALIAS,vi,PASS_STATIC_HOLD_RELEASE,HOLD_ALIAS_AND_DERIVED_LOCALE_REVIEW,HOLD_ALIAS_CANONICALIZATION_CONTENT_REBASE_HUMAN_REVIEW,CANONICALIZE_ALIAS_REBASE_CONTENT_THEN_HUMAN_LINGUISTIC_REVIEW,True,False
PAGE_ABOUT,/missao.html,zh-CN,1,CANONICALIZE_EXISTING_ALIAS,zh,PASS_STATIC_HOLD_RELEASE,HOLD_ALIAS_AND_DERIVED_LOCALE_REVIEW,HOLD_ALIAS_CANONICALIZATION_CONTENT_REBASE_HUMAN_REVIEW,CANONICALIZE_ALIAS_REBASE_CONTENT_THEN_HUMAN_LINGUISTIC_REVIEW,True,False
PAGE_SITE_OBJECTIVES,/objetivo.html,ar,0,ALREADY_ACTIVE_CANONICAL,,PASS_STATIC_HOLD_RELEASE,HOLD_DERIVED_LOCALE_REVIEW,HOLD_CONTENT_REBASE_HUMAN_LINGUISTIC_REVIEW,REBASE_FROM_PT_BR_SUCCESSOR_THEN_HUMAN_LINGUISTIC_REVIEW,True,False
PAGE_SITE_OBJECTIVES,/objetivo.html,de,0,ALREADY_ACTIVE_CANONICAL,,PASS_STATIC_HOLD_RELEASE,HOLD_DERIVED_LOCALE_REVIEW,HOLD_CONTENT_REBASE_HUMAN_LINGUISTIC_REVIEW,REBASE_FROM_PT_BR_SUCCESSOR_THEN_HUMAN_LINGUISTIC_REVIEW,True,False
PAGE_SITE_OBJECTIVES,/objetivo.html,en,0,ALREADY_ACTIVE_CANONICAL,,PASS_STATIC_HOLD_RELEASE,HOLD_DERIVED_LOCALE_REVIEW,HOLD_CONTENT_REBASE_HUMAN_LINGUISTIC_REVIEW,REBASE_FROM_PT_BR_SUCCESSOR_THEN_HUMAN_LINGUISTIC_REVIEW,True,False
PAGE_SITE_OBJECTIVES,/objetivo.html,es,0,ALREADY_ACTIVE_CANONICAL,,PASS_STATIC_HOLD_RELEASE,HOLD_DERIVED_LOCALE_REVIEW,HOLD_CONTENT_REBASE_HUMAN_LINGUISTIC_REVIEW,REBASE_FROM_PT_BR_SUCCESSOR_THEN_HUMAN_LINGUISTIC_REVIEW,True,False
PAGE_SITE_OBJECTIVES,/objetivo.html,fr,0,ALREADY_ACTIVE_CANONICAL,,PASS_STATIC_HOLD_RELEASE,HOLD_DERIVED_LOCALE_REVIEW,HOLD_CONTENT_REBASE_HUMAN_LINGUISTIC_REVIEW,REBASE_FROM_PT_BR_SUCCESSOR_THEN_HUMAN_LINGUISTIC_REVIEW,True,False
PAGE_SITE_OBJECTIVES,/objetivo.html,it,0,ALREADY_ACTIVE_CANONICAL,,PASS_STATIC_HOLD_RELEASE,HOLD_DERIVED_LOCALE_REVIEW,HOLD_CONTENT_REBASE_HUMAN_LINGUISTIC_REVIEW,REBASE_FROM_PT_BR_SUCCESSOR_THEN_HUMAN_LINGUISTIC_REVIEW,True,False
PAGE_SITE_OBJECTIVES,/objetivo.html,ja,0,ALREADY_ACTIVE_CANONICAL,,PASS_STATIC_HOLD_RELEASE,HOLD_DERIVED_LOCALE_REVIEW,HOLD_CONTENT_REBASE_HUMAN_LINGUISTIC_REVIEW,REBASE_FROM_PT_BR_SUCCESSOR_THEN_HUMAN_LINGUISTIC_REVIEW,True,False
PAGE_SITE_OBJECTIVES,/objetivo.html,pt-BR,0,ALREADY_ACTIVE_CANONICAL,,PASS_STATIC_HOLD_RELEASE,PASS_SOURCE_LOCALE_STATIC,PASS_STATIC_HOLD_RELEASE,CHECKER_AUDIT_AND_RESOLVE_PAGE_SCOPED_HOLDS,True,False
PAGE_SITE_OBJECTIVES,/objetivo.html,bg-BG,1,NEW_BASE_LANGUAGE_TRANSLATION,,PASS_STATIC_HOLD_RELEASE,HOLD_TRANSLATION_AND_DERIVED_LOCALE_REVIEW,HOLD_TRANSLATION_REQUIRED_HUMAN_REVIEW,CREATE_TRANSLATION_FROM_CONTROLLED_PT_BR_THEN_HUMAN_LINGUISTIC_REVIEW,True,False
PAGE_SITE_OBJECTIVES,/objetivo.html,cs-CZ,1,NEW_BASE_LANGUAGE_TRANSLATION,,PASS_STATIC_HOLD_RELEASE,HOLD_TRANSLATION_AND_DERIVED_LOCALE_REVIEW,HOLD_TRANSLATION_REQUIRED_HUMAN_REVIEW,CREATE_TRANSLATION_FROM_CONTROLLED_PT_BR_THEN_HUMAN_LINGUISTIC_REVIEW,True,False
PAGE_SITE_OBJECTIVES,/objetivo.html,da-DK,1,NEW_BASE_LANGUAGE_TRANSLATION,,PASS_STATIC_HOLD_RELEASE,HOLD_TRANSLATION_AND_DERIVED_LOCALE_REVIEW,HOLD_TRANSLATION_REQUIRED_HUMAN_REVIEW,CREATE_TRANSLATION_FROM_CONTROLLED_PT_BR_THEN_HUMAN_LINGUISTIC_REVIEW,True,False
PAGE_SITE_OBJECTIVES,/objetivo.html,fi-FI,1,NEW_BASE_LANGUAGE_TRANSLATION,,PASS_STATIC_HOLD_RELEASE,HOLD_TRANSLATION_AND_DERIVED_LOCALE_REVIEW,HOLD_TRANSLATION_REQUIRED_HUMAN_REVIEW,CREATE_TRANSLATION_FROM_CONTROLLED_PT_BR_THEN_HUMAN_LINGUISTIC_REVIEW,True,False
PAGE_SITE_OBJECTIVES,/objetivo.html,hr-HR,1,NEW_BASE_LANGUAGE_TRANSLATION,,PASS_STATIC_HOLD_RELEASE,HOLD_TRANSLATION_AND_DERIVED_LOCALE_REVIEW,HOLD_TRANSLATION_REQUIRED_HUMAN_REVIEW,CREATE_TRANSLATION_FROM_CONTROLLED_PT_BR_THEN_HUMAN_LINGUISTIC_REVIEW,True,False
PAGE_SITE_OBJECTIVES,/objetivo.html,hu-HU,1,NEW_BASE_LANGUAGE_TRANSLATION,,PASS_STATIC_HOLD_RELEASE,HOLD_TRANSLATION_AND_DERIVED_LOCALE_REVIEW,HOLD_TRANSLATION_REQUIRED_HUMAN_REVIEW,CREATE_TRANSLATION_FROM_CONTROLLED_PT_BR_THEN_HUMAN_LINGUISTIC_REVIEW,True,False
PAGE_SITE_OBJECTIVES,/objetivo.html,no-NO,1,NEW_BASE_LANGUAGE_TRANSLATION,,PASS_STATIC_HOLD_RELEASE,HOLD_TRANSLATION_AND_DERIVED_LOCALE_REVIEW,HOLD_TRANSLATION_REQUIRED_HUMAN_REVIEW,CREATE_TRANSLATION_FROM_CONTROLLED_PT_BR_THEN_HUMAN_LINGUISTIC_REVIEW,True,False
PAGE_SITE_OBJECTIVES,/objetivo.html,ro-RO,1,NEW_BASE_LANGUAGE_TRANSLATION,,PASS_STATIC_HOLD_RELEASE,HOLD_TRANSLATION_AND_DERIVED_LOCALE_REVIEW,HOLD_TRANSLATION_REQUIRED_HUMAN_REVIEW,CREATE_TRANSLATION_FROM_CONTROLLED_PT_BR_THEN_HUMAN_LINGUISTIC_REVIEW,True,False
PAGE_SITE_OBJECTIVES,/objetivo.html,sl-SI,1,NEW_BASE_LANGUAGE_TRANSLATION,,PASS_STATIC_HOLD_RELEASE,HOLD_TRANSLATION_AND_DERIVED_LOCALE_REVIEW,HOLD_TRANSLATION_REQUIRED_HUMAN_REVIEW,CREATE_TRANSLATION_FROM_CONTROLLED_PT_BR_THEN_HUMAN_LINGUISTIC_REVIEW,True,False
PAGE_SITE_OBJECTIVES,/objetivo.html,sr-RS,1,NEW_BASE_LANGUAGE_TRANSLATION,,PASS_STATIC_HOLD_RELEASE,HOLD_TRANSLATION_AND_DERIVED_LOCALE_REVIEW,HOLD_TRANSLATION_REQUIRED_HUMAN_REVIEW,CREATE_TRANSLATION_FROM_CONTROLLED_PT_BR_THEN_HUMAN_LINGUISTIC_REVIEW,True,False
PAGE_SITE_OBJECTIVES,/objetivo.html,th-TH,1,NEW_BASE_LANGUAGE_TRANSLATION,,PASS_STATIC_HOLD_RELEASE,HOLD_TRANSLATION_AND_DERIVED_LOCALE_REVIEW,HOLD_TRANSLATION_REQUIRED_HUMAN_REVIEW,CREATE_TRANSLATION_FROM_CONTROLLED_PT_BR_THEN_HUMAN_LINGUISTIC_REVIEW,True,False
PAGE_SITE_OBJECTIVES,/objetivo.html,hi-IN,1,CANONICALIZE_EXISTING_ALIAS,hi,PASS_STATIC_HOLD_RELEASE,HOLD_ALIAS_AND_DERIVED_LOCALE_REVIEW,HOLD_ALIAS_CANONICALIZATION_CONTENT_REBASE_HUMAN_REVIEW,CANONICALIZE_ALIAS_REBASE_CONTENT_THEN_HUMAN_LINGUISTIC_REVIEW,True,False
PAGE_SITE_OBJECTIVES,/objetivo.html,id-ID,1,CANONICALIZE_EXISTING_ALIAS,id,PASS_STATIC_HOLD_RELEASE,HOLD_ALIAS_AND_DERIVED_LOCALE_REVIEW,HOLD_ALIAS_CANONICALIZATION_CONTENT_REBASE_HUMAN_REVIEW,CANONICALIZE_ALIAS_REBASE_CONTENT_THEN_HUMAN_LINGUISTIC_REVIEW,True,False
PAGE_SITE_OBJECTIVES,/objetivo.html,ko-KR,1,CANONICALIZE_EXISTING_ALIAS,ko,PASS_STATIC_HOLD_RELEASE,HOLD_ALIAS_AND_DERIVED_LOCALE_REVIEW,HOLD_ALIAS_CANONICALIZATION_CONTENT_REBASE_HUMAN_REVIEW,CANONICALIZE_ALIAS_REBASE_CONTENT_THEN_HUMAN_LINGUISTIC_REVIEW,True,False
PAGE_SITE_OBJECTIVES,/objetivo.html,nl-NL,1,CANONICALIZE_EXISTING_ALIAS,nl,PASS_STATIC_HOLD_RELEASE,HOLD_ALIAS_AND_DERIVED_LOCALE_REVIEW,HOLD_ALIAS_CANONICALIZATION_CONTENT_REBASE_HUMAN_REVIEW,CANONICALIZE_ALIAS_REBASE_CONTENT_THEN_HUMAN_LINGUISTIC_REVIEW,True,False
PAGE_SITE_OBJECTIVES,/objetivo.html,pl-PL,1,CANONICALIZE_EXISTING_ALIAS,pl,PASS_STATIC_HOLD_RELEASE,HOLD_ALIAS_AND_DERIVED_LOCALE_REVIEW,HOLD_ALIAS_CANONICALIZATION_CONTENT_REBASE_HUMAN_REVIEW,CANONICALIZE_ALIAS_REBASE_CONTENT_THEN_HUMAN_LINGUISTIC_REVIEW,True,False
PAGE_SITE_OBJECTIVES,/objetivo.html,ru-RU,1,CANONICALIZE_EXISTING_ALIAS,ru,PASS_STATIC_HOLD_RELEASE,HOLD_ALIAS_AND_DERIVED_LOCALE_REVIEW,HOLD_ALIAS_CANONICALIZATION_CONTENT_REBASE_HUMAN_REVIEW,CANONICALIZE_ALIAS_REBASE_CONTENT_THEN_HUMAN_LINGUISTIC_REVIEW,True,False
PAGE_SITE_OBJECTIVES,/objetivo.html,sv-SE,1,CANONICALIZE_EXISTING_ALIAS,sv,PASS_STATIC_HOLD_RELEASE,HOLD_ALIAS_AND_DERIVED_LOCALE_REVIEW,HOLD_ALIAS_CANONICALIZATION_CONTENT_REBASE_HUMAN_REVIEW,CANONICALIZE_ALIAS_REBASE_CONTENT_THEN_HUMAN_LINGUISTIC_REVIEW,True,False
PAGE_SITE_OBJECTIVES,/objetivo.html,tr-TR,1,CANONICALIZE_EXISTING_ALIAS,tr,PASS_STATIC_HOLD_RELEASE,HOLD_ALIAS_AND_DERIVED_LOCALE_REVIEW,HOLD_ALIAS_CANONICALIZATION_CONTENT_REBASE_HUMAN_REVIEW,CANONICALIZE_ALIAS_REBASE_CONTENT_THEN_HUMAN_LINGUISTIC_REVIEW,True,False
PAGE_SITE_OBJECTIVES,/objetivo.html,uk-UA,1,CANONICALIZE_EXISTING_ALIAS,uk,PASS_STATIC_HOLD_RELEASE,HOLD_ALIAS_AND_DERIVED_LOCALE_REVIEW,HOLD_ALIAS_CANONICALIZATION_CONTENT_REBASE_HUMAN_REVIEW,CANONICALIZE_ALIAS_REBASE_CONTENT_THEN_HUMAN_LINGUISTIC_REVIEW,True,False
PAGE_SITE_OBJECTIVES,/objetivo.html,vi-VN,1,CANONICALIZE_EXISTING_ALIAS,vi,PASS_STATIC_HOLD_RELEASE,HOLD_ALIAS_AND_DERIVED_LOCALE_REVIEW,HOLD_ALIAS_CANONICALIZATION_CONTENT_REBASE_HUMAN_REVIEW,CANONICALIZE_ALIAS_REBASE_CONTENT_THEN_HUMAN_LINGUISTIC_REVIEW,True,False
PAGE_SITE_OBJECTIVES,/objetivo.html,zh-CN,1,CANONICALIZE_EXISTING_ALIAS,zh,PASS_STATIC_HOLD_RELEASE,HOLD_ALIAS_AND_DERIVED_LOCALE_REVIEW,HOLD_ALIAS_CANONICALIZATION_CONTENT_REBASE_HUMAN_REVIEW,CANONICALIZE_ALIAS_REBASE_CONTENT_THEN_HUMAN_LINGUISTIC_REVIEW,True,False
PAGE_ECOSYSTEM,/ecossistema.html,ar,0,ALREADY_ACTIVE_CANONICAL,,HOLD_ROUTE_DECISION,HOLD_DERIVED_LOCALE_REVIEW,HOLD_CONTENT_REBASE_HUMAN_LINGUISTIC_REVIEW,REBASE_FROM_PT_BR_SUCCESSOR_THEN_HUMAN_LINGUISTIC_REVIEW,True,False
PAGE_ECOSYSTEM,/ecossistema.html,de,0,ALREADY_ACTIVE_CANONICAL,,HOLD_ROUTE_DECISION,HOLD_DERIVED_LOCALE_REVIEW,HOLD_CONTENT_REBASE_HUMAN_LINGUISTIC_REVIEW,REBASE_FROM_PT_BR_SUCCESSOR_THEN_HUMAN_LINGUISTIC_REVIEW,True,False
PAGE_ECOSYSTEM,/ecossistema.html,en,0,ALREADY_ACTIVE_CANONICAL,,HOLD_ROUTE_DECISION,HOLD_DERIVED_LOCALE_REVIEW,HOLD_CONTENT_REBASE_HUMAN_LINGUISTIC_REVIEW,REBASE_FROM_PT_BR_SUCCESSOR_THEN_HUMAN_LINGUISTIC_REVIEW,True,False
PAGE_ECOSYSTEM,/ecossistema.html,es,0,ALREADY_ACTIVE_CANONICAL,,HOLD_ROUTE_DECISION,HOLD_DERIVED_LOCALE_REVIEW,HOLD_CONTENT_REBASE_HUMAN_LINGUISTIC_REVIEW,REBASE_FROM_PT_BR_SUCCESSOR_THEN_HUMAN_LINGUISTIC_REVIEW,True,False
PAGE_ECOSYSTEM,/ecossistema.html,fr,0,ALREADY_ACTIVE_CANONICAL,,HOLD_ROUTE_DECISION,HOLD_DERIVED_LOCALE_REVIEW,HOLD_CONTENT_REBASE_HUMAN_LINGUISTIC_REVIEW,REBASE_FROM_PT_BR_SUCCESSOR_THEN_HUMAN_LINGUISTIC_REVIEW,True,False
PAGE_ECOSYSTEM,/ecossistema.html,it,0,ALREADY_ACTIVE_CANONICAL,,HOLD_ROUTE_DECISION,HOLD_DERIVED_LOCALE_REVIEW,HOLD_CONTENT_REBASE_HUMAN_LINGUISTIC_REVIEW,REBASE_FROM_PT_BR_SUCCESSOR_THEN_HUMAN_LINGUISTIC_REVIEW,True,False
PAGE_ECOSYSTEM,/ecossistema.html,ja,0,ALREADY_ACTIVE_CANONICAL,,HOLD_ROUTE_DECISION,HOLD_DERIVED_LOCALE_REVIEW,HOLD_CONTENT_REBASE_HUMAN_LINGUISTIC_REVIEW,REBASE_FROM_PT_BR_SUCCESSOR_THEN_HUMAN_LINGUISTIC_REVIEW,True,False
PAGE_ECOSYSTEM,/ecossistema.html,pt-BR,0,ALREADY_ACTIVE_CANONICAL,,HOLD_ROUTE_DECISION,PASS_SOURCE_LOCALE_STATIC,HOLD_ROUTE_DECISION,CHECKER_AUDIT_AND_RESOLVE_PAGE_SCOPED_HOLDS,True,False
PAGE_ECOSYSTEM,/ecossistema.html,bg-BG,1,NEW_BASE_LANGUAGE_TRANSLATION,,HOLD_ROUTE_DECISION,HOLD_TRANSLATION_AND_DERIVED_LOCALE_REVIEW,HOLD_TRANSLATION_REQUIRED_HUMAN_REVIEW,CREATE_TRANSLATION_FROM_CONTROLLED_PT_BR_THEN_HUMAN_LINGUISTIC_REVIEW,True,False
PAGE_ECOSYSTEM,/ecossistema.html,cs-CZ,1,NEW_BASE_LANGUAGE_TRANSLATION,,HOLD_ROUTE_DECISION,HOLD_TRANSLATION_AND_DERIVED_LOCALE_REVIEW,HOLD_TRANSLATION_REQUIRED_HUMAN_REVIEW,CREATE_TRANSLATION_FROM_CONTROLLED_PT_BR_THEN_HUMAN_LINGUISTIC_REVIEW,True,False
PAGE_ECOSYSTEM,/ecossistema.html,da-DK,1,NEW_BASE_LANGUAGE_TRANSLATION,,HOLD_ROUTE_DECISION,HOLD_TRANSLATION_AND_DERIVED_LOCALE_REVIEW,HOLD_TRANSLATION_REQUIRED_HUMAN_REVIEW,CREATE_TRANSLATION_FROM_CONTROLLED_PT_BR_THEN_HUMAN_LINGUISTIC_REVIEW,True,False
PAGE_ECOSYSTEM,/ecossistema.html,fi-FI,1,NEW_BASE_LANGUAGE_TRANSLATION,,HOLD_ROUTE_DECISION,HOLD_TRANSLATION_AND_DERIVED_LOCALE_REVIEW,HOLD_TRANSLATION_REQUIRED_HUMAN_REVIEW,CREATE_TRANSLATION_FROM_CONTROLLED_PT_BR_THEN_HUMAN_LINGUISTIC_REVIEW,True,False
PAGE_ECOSYSTEM,/ecossistema.html,hr-HR,1,NEW_BASE_LANGUAGE_TRANSLATION,,HOLD_ROUTE_DECISION,HOLD_TRANSLATION_AND_DERIVED_LOCALE_REVIEW,HOLD_TRANSLATION_REQUIRED_HUMAN_REVIEW,CREATE_TRANSLATION_FROM_CONTROLLED_PT_BR_THEN_HUMAN_LINGUISTIC_REVIEW,True,False
PAGE_ECOSYSTEM,/ecossistema.html,hu-HU,1,NEW_BASE_LANGUAGE_TRANSLATION,,HOLD_ROUTE_DECISION,HOLD_TRANSLATION_AND_DERIVED_LOCALE_REVIEW,HOLD_TRANSLATION_REQUIRED_HUMAN_REVIEW,CREATE_TRANSLATION_FROM_CONTROLLED_PT_BR_THEN_HUMAN_LINGUISTIC_REVIEW,True,False
PAGE_ECOSYSTEM,/ecossistema.html,no-NO,1,NEW_BASE_LANGUAGE_TRANSLATION,,HOLD_ROUTE_DECISION,HOLD_TRANSLATION_AND_DERIVED_LOCALE_REVIEW,HOLD_TRANSLATION_REQUIRED_HUMAN_REVIEW,CREATE_TRANSLATION_FROM_CONTROLLED_PT_BR_THEN_HUMAN_LINGUISTIC_REVIEW,True,False
PAGE_ECOSYSTEM,/ecossistema.html,ro-RO,1,NEW_BASE_LANGUAGE_TRANSLATION,,HOLD_ROUTE_DECISION,HOLD_TRANSLATION_AND_DERIVED_LOCALE_REVIEW,HOLD_TRANSLATION_REQUIRED_HUMAN_REVIEW,CREATE_TRANSLATION_FROM_CONTROLLED_PT_BR_THEN_HUMAN_LINGUISTIC_REVIEW,True,False
PAGE_ECOSYSTEM,/ecossistema.html,sl-SI,1,NEW_BASE_LANGUAGE_TRANSLATION,,HOLD_ROUTE_DECISION,HOLD_TRANSLATION_AND_DERIVED_LOCALE_REVIEW,HOLD_TRANSLATION_REQUIRED_HUMAN_REVIEW,CREATE_TRANSLATION_FROM_CONTROLLED_PT_BR_THEN_HUMAN_LINGUISTIC_REVIEW,True,False
PAGE_ECOSYSTEM,/ecossistema.html,sr-RS,1,NEW_BASE_LANGUAGE_TRANSLATION,,HOLD_ROUTE_DECISION,HOLD_TRANSLATION_AND_DERIVED_LOCALE_REVIEW,HOLD_TRANSLATION_REQUIRED_HUMAN_REVIEW,CREATE_TRANSLATION_FROM_CONTROLLED_PT_BR_THEN_HUMAN_LINGUISTIC_REVIEW,True,False
PAGE_ECOSYSTEM,/ecossistema.html,th-TH,1,NEW_BASE_LANGUAGE_TRANSLATION,,HOLD_ROUTE_DECISION,HOLD_TRANSLATION_AND_DERIVED_LOCALE_REVIEW,HOLD_TRANSLATION_REQUIRED_HUMAN_REVIEW,CREATE_TRANSLATION_FROM_CONTROLLED_PT_BR_THEN_HUMAN_LINGUISTIC_REVIEW,True,False
PAGE_ECOSYSTEM,/ecossistema.html,hi-IN,1,CANONICALIZE_EXISTING_ALIAS,hi,HOLD_ROUTE_DECISION,HOLD_ALIAS_AND_DERIVED_LOCALE_REVIEW,HOLD_ALIAS_CANONICALIZATION_CONTENT_REBASE_HUMAN_REVIEW,CANONICALIZE_ALIAS_REBASE_CONTENT_THEN_HUMAN_LINGUISTIC_REVIEW,True,False
PAGE_ECOSYSTEM,/ecossistema.html,id-ID,1,CANONICALIZE_EXISTING_ALIAS,id,HOLD_ROUTE_DECISION,HOLD_ALIAS_AND_DERIVED_LOCALE_REVIEW,HOLD_ALIAS_CANONICALIZATION_CONTENT_REBASE_HUMAN_REVIEW,CANONICALIZE_ALIAS_REBASE_CONTENT_THEN_HUMAN_LINGUISTIC_REVIEW,True,False
PAGE_ECOSYSTEM,/ecossistema.html,ko-KR,1,CANONICALIZE_EXISTING_ALIAS,ko,HOLD_ROUTE_DECISION,HOLD_ALIAS_AND_DERIVED_LOCALE_REVIEW,HOLD_ALIAS_CANONICALIZATION_CONTENT_REBASE_HUMAN_REVIEW,CANONICALIZE_ALIAS_REBASE_CONTENT_THEN_HUMAN_LINGUISTIC_REVIEW,True,False
PAGE_ECOSYSTEM,/ecossistema.html,nl-NL,1,CANONICALIZE_EXISTING_ALIAS,nl,HOLD_ROUTE_DECISION,HOLD_ALIAS_AND_DERIVED_LOCALE_REVIEW,HOLD_ALIAS_CANONICALIZATION_CONTENT_REBASE_HUMAN_REVIEW,CANONICALIZE_ALIAS_REBASE_CONTENT_THEN_HUMAN_LINGUISTIC_REVIEW,True,False
PAGE_ECOSYSTEM,/ecossistema.html,pl-PL,1,CANONICALIZE_EXISTING_ALIAS,pl,HOLD_ROUTE_DECISION,HOLD_ALIAS_AND_DERIVED_LOCALE_REVIEW,HOLD_ALIAS_CANONICALIZATION_CONTENT_REBASE_HUMAN_REVIEW,CANONICALIZE_ALIAS_REBASE_CONTENT_THEN_HUMAN_LINGUISTIC_REVIEW,True,False
PAGE_ECOSYSTEM,/ecossistema.html,ru-RU,1,CANONICALIZE_EXISTING_ALIAS,ru,HOLD_ROUTE_DECISION,HOLD_ALIAS_AND_DERIVED_LOCALE_REVIEW,HOLD_ALIAS_CANONICALIZATION_CONTENT_REBASE_HUMAN_REVIEW,CANONICALIZE_ALIAS_REBASE_CONTENT_THEN_HUMAN_LINGUISTIC_REVIEW,True,False
PAGE_ECOSYSTEM,/ecossistema.html,sv-SE,1,CANONICALIZE_EXISTING_ALIAS,sv,HOLD_ROUTE_DECISION,HOLD_ALIAS_AND_DERIVED_LOCALE_REVIEW,HOLD_ALIAS_CANONICALIZATION_CONTENT_REBASE_HUMAN_REVIEW,CANONICALIZE_ALIAS_REBASE_CONTENT_THEN_HUMAN_LINGUISTIC_REVIEW,True,False
PAGE_ECOSYSTEM,/ecossistema.html,tr-TR,1,CANONICALIZE_EXISTING_ALIAS,tr,HOLD_ROUTE_DECISION,HOLD_ALIAS_AND_DERIVED_LOCALE_REVIEW,HOLD_ALIAS_CANONICALIZATION_CONTENT_REBASE_HUMAN_REVIEW,CANONICALIZE_ALIAS_REBASE_CONTENT_THEN_HUMAN_LINGUISTIC_REVIEW,True,False
PAGE_ECOSYSTEM,/ecossistema.html,uk-UA,1,CANONICALIZE_EXISTING_ALIAS,uk,HOLD_ROUTE_DECISION,HOLD_ALIAS_AND_DERIVED_LOCALE_REVIEW,HOLD_ALIAS_CANONICALIZATION_CONTENT_REBASE_HUMAN_REVIEW,CANONICALIZE_ALIAS_REBASE_CONTENT_THEN_HUMAN_LINGUISTIC_REVIEW,True,False
PAGE_ECOSYSTEM,/ecossistema.html,vi-VN,1,CANONICALIZE_EXISTING_ALIAS,vi,HOLD_ROUTE_DECISION,HOLD_ALIAS_AND_DERIVED_LOCALE_REVIEW,HOLD_ALIAS_CANONICALIZATION_CONTENT_REBASE_HUMAN_REVIEW,CANONICALIZE_ALIAS_REBASE_CONTENT_THEN_HUMAN_LINGUISTIC_REVIEW,True,False
PAGE_ECOSYSTEM,/ecossistema.html,zh-CN,1,CANONICALIZE_EXISTING_ALIAS,zh,HOLD_ROUTE_DECISION,HOLD_ALIAS_AND_DERIVED_LOCALE_REVIEW,HOLD_ALIAS_CANONICALIZATION_CONTENT_REBASE_HUMAN_REVIEW,CANONICALIZE_ALIAS_REBASE_CONTENT_THEN_HUMAN_LINGUISTIC_REVIEW,True,False
PAGE_ACCESSIBILITY_CENTER,/acessibilidade.html,ar,0,ALREADY_ACTIVE_CANONICAL,,HOLD_A11Y_EVIDENCE_ROUTE,HOLD_DERIVED_LOCALE_REVIEW,HOLD_CONTENT_REBASE_HUMAN_LINGUISTIC_REVIEW,REBASE_FROM_PT_BR_SUCCESSOR_THEN_HUMAN_LINGUISTIC_REVIEW,True,False
PAGE_ACCESSIBILITY_CENTER,/acessibilidade.html,de,0,ALREADY_ACTIVE_CANONICAL,,HOLD_A11Y_EVIDENCE_ROUTE,HOLD_DERIVED_LOCALE_REVIEW,HOLD_CONTENT_REBASE_HUMAN_LINGUISTIC_REVIEW,REBASE_FROM_PT_BR_SUCCESSOR_THEN_HUMAN_LINGUISTIC_REVIEW,True,False
PAGE_ACCESSIBILITY_CENTER,/acessibilidade.html,en,0,ALREADY_ACTIVE_CANONICAL,,HOLD_A11Y_EVIDENCE_ROUTE,HOLD_DERIVED_LOCALE_REVIEW,HOLD_CONTENT_REBASE_HUMAN_LINGUISTIC_REVIEW,REBASE_FROM_PT_BR_SUCCESSOR_THEN_HUMAN_LINGUISTIC_REVIEW,True,False
PAGE_ACCESSIBILITY_CENTER,/acessibilidade.html,es,0,ALREADY_ACTIVE_CANONICAL,,HOLD_A11Y_EVIDENCE_ROUTE,HOLD_DERIVED_LOCALE_REVIEW,HOLD_CONTENT_REBASE_HUMAN_LINGUISTIC_REVIEW,REBASE_FROM_PT_BR_SUCCESSOR_THEN_HUMAN_LINGUISTIC_REVIEW,True,False
PAGE_ACCESSIBILITY_CENTER,/acessibilidade.html,fr,0,ALREADY_ACTIVE_CANONICAL,,HOLD_A11Y_EVIDENCE_ROUTE,HOLD_DERIVED_LOCALE_REVIEW,HOLD_CONTENT_REBASE_HUMAN_LINGUISTIC_REVIEW,REBASE_FROM_PT_BR_SUCCESSOR_THEN_HUMAN_LINGUISTIC_REVIEW,True,False
PAGE_ACCESSIBILITY_CENTER,/acessibilidade.html,it,0,ALREADY_ACTIVE_CANONICAL,,HOLD_A11Y_EVIDENCE_ROUTE,HOLD_DERIVED_LOCALE_REVIEW,HOLD_CONTENT_REBASE_HUMAN_LINGUISTIC_REVIEW,REBASE_FROM_PT_BR_SUCCESSOR_THEN_HUMAN_LINGUISTIC_REVIEW,True,False
PAGE_ACCESSIBILITY_CENTER,/acessibilidade.html,ja,0,ALREADY_ACTIVE_CANONICAL,,HOLD_A11Y_EVIDENCE_ROUTE,HOLD_DERIVED_LOCALE_REVIEW,HOLD_CONTENT_REBASE_HUMAN_LINGUISTIC_REVIEW,REBASE_FROM_PT_BR_SUCCESSOR_THEN_HUMAN_LINGUISTIC_REVIEW,True,False
PAGE_ACCESSIBILITY_CENTER,/acessibilidade.html,pt-BR,0,ALREADY_ACTIVE_CANONICAL,,HOLD_A11Y_EVIDENCE_ROUTE,PASS_SOURCE_LOCALE_STATIC,HOLD_A11Y_EVIDENCE_ROUTE,CHECKER_AUDIT_AND_RESOLVE_PAGE_SCOPED_HOLDS,True,False
PAGE_ACCESSIBILITY_CENTER,/acessibilidade.html,bg-BG,1,NEW_BASE_LANGUAGE_TRANSLATION,,HOLD_A11Y_EVIDENCE_ROUTE,HOLD_TRANSLATION_AND_DERIVED_LOCALE_REVIEW,HOLD_TRANSLATION_REQUIRED_HUMAN_REVIEW,CREATE_TRANSLATION_FROM_CONTROLLED_PT_BR_THEN_HUMAN_LINGUISTIC_REVIEW,True,False
PAGE_ACCESSIBILITY_CENTER,/acessibilidade.html,cs-CZ,1,NEW_BASE_LANGUAGE_TRANSLATION,,HOLD_A11Y_EVIDENCE_ROUTE,HOLD_TRANSLATION_AND_DERIVED_LOCALE_REVIEW,HOLD_TRANSLATION_REQUIRED_HUMAN_REVIEW,CREATE_TRANSLATION_FROM_CONTROLLED_PT_BR_THEN_HUMAN_LINGUISTIC_REVIEW,True,False
PAGE_ACCESSIBILITY_CENTER,/acessibilidade.html,da-DK,1,NEW_BASE_LANGUAGE_TRANSLATION,,HOLD_A11Y_EVIDENCE_ROUTE,HOLD_TRANSLATION_AND_DERIVED_LOCALE_REVIEW,HOLD_TRANSLATION_REQUIRED_HUMAN_REVIEW,CREATE_TRANSLATION_FROM_CONTROLLED_PT_BR_THEN_HUMAN_LINGUISTIC_REVIEW,True,False
PAGE_ACCESSIBILITY_CENTER,/acessibilidade.html,fi-FI,1,NEW_BASE_LANGUAGE_TRANSLATION,,HOLD_A11Y_EVIDENCE_ROUTE,HOLD_TRANSLATION_AND_DERIVED_LOCALE_REVIEW,HOLD_TRANSLATION_REQUIRED_HUMAN_REVIEW,CREATE_TRANSLATION_FROM_CONTROLLED_PT_BR_THEN_HUMAN_LINGUISTIC_REVIEW,True,False
PAGE_ACCESSIBILITY_CENTER,/acessibilidade.html,hr-HR,1,NEW_BASE_LANGUAGE_TRANSLATION,,HOLD_A11Y_EVIDENCE_ROUTE,HOLD_TRANSLATION_AND_DERIVED_LOCALE_REVIEW,HOLD_TRANSLATION_REQUIRED_HUMAN_REVIEW,CREATE_TRANSLATION_FROM_CONTROLLED_PT_BR_THEN_HUMAN_LINGUISTIC_REVIEW,True,False
PAGE_ACCESSIBILITY_CENTER,/acessibilidade.html,hu-HU,1,NEW_BASE_LANGUAGE_TRANSLATION,,HOLD_A11Y_EVIDENCE_ROUTE,HOLD_TRANSLATION_AND_DERIVED_LOCALE_REVIEW,HOLD_TRANSLATION_REQUIRED_HUMAN_REVIEW,CREATE_TRANSLATION_FROM_CONTROLLED_PT_BR_THEN_HUMAN_LINGUISTIC_REVIEW,True,False
PAGE_ACCESSIBILITY_CENTER,/acessibilidade.html,no-NO,1,NEW_BASE_LANGUAGE_TRANSLATION,,HOLD_A11Y_EVIDENCE_ROUTE,HOLD_TRANSLATION_AND_DERIVED_LOCALE_REVIEW,HOLD_TRANSLATION_REQUIRED_HUMAN_REVIEW,CREATE_TRANSLATION_FROM_CONTROLLED_PT_BR_THEN_HUMAN_LINGUISTIC_REVIEW,True,False
PAGE_ACCESSIBILITY_CENTER,/acessibilidade.html,ro-RO,1,NEW_BASE_LANGUAGE_TRANSLATION,,HOLD_A11Y_EVIDENCE_ROUTE,HOLD_TRANSLATION_AND_DERIVED_LOCALE_REVIEW,HOLD_TRANSLATION_REQUIRED_HUMAN_REVIEW,CREATE_TRANSLATION_FROM_CONTROLLED_PT_BR_THEN_HUMAN_LINGUISTIC_REVIEW,True,False
PAGE_ACCESSIBILITY_CENTER,/acessibilidade.html,sl-SI,1,NEW_BASE_LANGUAGE_TRANSLATION,,HOLD_A11Y_EVIDENCE_ROUTE,HOLD_TRANSLATION_AND_DERIVED_LOCALE_REVIEW,HOLD_TRANSLATION_REQUIRED_HUMAN_REVIEW,CREATE_TRANSLATION_FROM_CONTROLLED_PT_BR_THEN_HUMAN_LINGUISTIC_REVIEW,True,False
PAGE_ACCESSIBILITY_CENTER,/acessibilidade.html,sr-RS,1,NEW_BASE_LANGUAGE_TRANSLATION,,HOLD_A11Y_EVIDENCE_ROUTE,HOLD_TRANSLATION_AND_DERIVED_LOCALE_REVIEW,HOLD_TRANSLATION_REQUIRED_HUMAN_REVIEW,CREATE_TRANSLATION_FROM_CONTROLLED_PT_BR_THEN_HUMAN_LINGUISTIC_REVIEW,True,False
PAGE_ACCESSIBILITY_CENTER,/acessibilidade.html,th-TH,1,NEW_BASE_LANGUAGE_TRANSLATION,,HOLD_A11Y_EVIDENCE_ROUTE,HOLD_TRANSLATION_AND_DERIVED_LOCALE_REVIEW,HOLD_TRANSLATION_REQUIRED_HUMAN_REVIEW,CREATE_TRANSLATION_FROM_CONTROLLED_PT_BR_THEN_HUMAN_LINGUISTIC_REVIEW,True,False
PAGE_ACCESSIBILITY_CENTER,/acessibilidade.html,hi-IN,1,CANONICALIZE_EXISTING_ALIAS,hi,HOLD_A11Y_EVIDENCE_ROUTE,HOLD_ALIAS_AND_DERIVED_LOCALE_REVIEW,HOLD_ALIAS_CANONICALIZATION_CONTENT_REBASE_HUMAN_REVIEW,CANONICALIZE_ALIAS_REBASE_CONTENT_THEN_HUMAN_LINGUISTIC_REVIEW,True,False
PAGE_ACCESSIBILITY_CENTER,/acessibilidade.html,id-ID,1,CANONICALIZE_EXISTING_ALIAS,id,HOLD_A11Y_EVIDENCE_ROUTE,HOLD_ALIAS_AND_DERIVED_LOCALE_REVIEW,HOLD_ALIAS_CANONICALIZATION_CONTENT_REBASE_HUMAN_REVIEW,CANONICALIZE_ALIAS_REBASE_CONTENT_THEN_HUMAN_LINGUISTIC_REVIEW,True,False
PAGE_ACCESSIBILITY_CENTER,/acessibilidade.html,ko-KR,1,CANONICALIZE_EXISTING_ALIAS,ko,HOLD_A11Y_EVIDENCE_ROUTE,HOLD_ALIAS_AND_DERIVED_LOCALE_REVIEW,HOLD_ALIAS_CANONICALIZATION_CONTENT_REBASE_HUMAN_REVIEW,CANONICALIZE_ALIAS_REBASE_CONTENT_THEN_HUMAN_LINGUISTIC_REVIEW,True,False
PAGE_ACCESSIBILITY_CENTER,/acessibilidade.html,nl-NL,1,CANONICALIZE_EXISTING_ALIAS,nl,HOLD_A11Y_EVIDENCE_ROUTE,HOLD_ALIAS_AND_DERIVED_LOCALE_REVIEW,HOLD_ALIAS_CANONICALIZATION_CONTENT_REBASE_HUMAN_REVIEW,CANONICALIZE_ALIAS_REBASE_CONTENT_THEN_HUMAN_LINGUISTIC_REVIEW,True,False
PAGE_ACCESSIBILITY_CENTER,/acessibilidade.html,pl-PL,1,CANONICALIZE_EXISTING_ALIAS,pl,HOLD_A11Y_EVIDENCE_ROUTE,HOLD_ALIAS_AND_DERIVED_LOCALE_REVIEW,HOLD_ALIAS_CANONICALIZATION_CONTENT_REBASE_HUMAN_REVIEW,CANONICALIZE_ALIAS_REBASE_CONTENT_THEN_HUMAN_LINGUISTIC_REVIEW,True,False
PAGE_ACCESSIBILITY_CENTER,/acessibilidade.html,ru-RU,1,CANONICALIZE_EXISTING_ALIAS,ru,HOLD_A11Y_EVIDENCE_ROUTE,HOLD_ALIAS_AND_DERIVED_LOCALE_REVIEW,HOLD_ALIAS_CANONICALIZATION_CONTENT_REBASE_HUMAN_REVIEW,CANONICALIZE_ALIAS_REBASE_CONTENT_THEN_HUMAN_LINGUISTIC_REVIEW,True,False
PAGE_ACCESSIBILITY_CENTER,/acessibilidade.html,sv-SE,1,CANONICALIZE_EXISTING_ALIAS,sv,HOLD_A11Y_EVIDENCE_ROUTE,HOLD_ALIAS_AND_DERIVED_LOCALE_REVIEW,HOLD_ALIAS_CANONICALIZATION_CONTENT_REBASE_HUMAN_REVIEW,CANONICALIZE_ALIAS_REBASE_CONTENT_THEN_HUMAN_LINGUISTIC_REVIEW,True,False
PAGE_ACCESSIBILITY_CENTER,/acessibilidade.html,tr-TR,1,CANONICALIZE_EXISTING_ALIAS,tr,HOLD_A11Y_EVIDENCE_ROUTE,HOLD_ALIAS_AND_DERIVED_LOCALE_REVIEW,HOLD_ALIAS_CANONICALIZATION_CONTENT_REBASE_HUMAN_REVIEW,CANONICALIZE_ALIAS_REBASE_CONTENT_THEN_HUMAN_LINGUISTIC_REVIEW,True,False
PAGE_ACCESSIBILITY_CENTER,/acessibilidade.html,uk-UA,1,CANONICALIZE_EXISTING_ALIAS,uk,HOLD_A11Y_EVIDENCE_ROUTE,HOLD_ALIAS_AND_DERIVED_LOCALE_REVIEW,HOLD_ALIAS_CANONICALIZATION_CONTENT_REBASE_HUMAN_REVIEW,CANONICALIZE_ALIAS_REBASE_CONTENT_THEN_HUMAN_LINGUISTIC_REVIEW,True,False
PAGE_ACCESSIBILITY_CENTER,/acessibilidade.html,vi-VN,1,CANONICALIZE_EXISTING_ALIAS,vi,HOLD_A11Y_EVIDENCE_ROUTE,HOLD_ALIAS_AND_DERIVED_LOCALE_REVIEW,HOLD_ALIAS_CANONICALIZATION_CONTENT_REBASE_HUMAN_REVIEW,CANONICALIZE_ALIAS_REBASE_CONTENT_THEN_HUMAN_LINGUISTIC_REVIEW,True,False
PAGE_ACCESSIBILITY_CENTER,/acessibilidade.html,zh-CN,1,CANONICALIZE_EXISTING_ALIAS,zh,HOLD_A11Y_EVIDENCE_ROUTE,HOLD_ALIAS_AND_DERIVED_LOCALE_REVIEW,HOLD_ALIAS_CANONICALIZATION_CONTENT_REBASE_HUMAN_REVIEW,CANONICALIZE_ALIAS_REBASE_CONTENT_THEN_HUMAN_LINGUISTIC_REVIEW,True,False
PAGE_SUSTAINABILITY_CENTER,/tecnologiaverde.html,ar,0,ALREADY_ACTIVE_CANONICAL,,HOLD_SUSTAINABILITY_ASSURANCE,HOLD_DERIVED_LOCALE_REVIEW,HOLD_CONTENT_REBASE_HUMAN_LINGUISTIC_REVIEW,REBASE_FROM_PT_BR_SUCCESSOR_THEN_HUMAN_LINGUISTIC_REVIEW,True,False
PAGE_SUSTAINABILITY_CENTER,/tecnologiaverde.html,de,0,ALREADY_ACTIVE_CANONICAL,,HOLD_SUSTAINABILITY_ASSURANCE,HOLD_DERIVED_LOCALE_REVIEW,HOLD_CONTENT_REBASE_HUMAN_LINGUISTIC_REVIEW,REBASE_FROM_PT_BR_SUCCESSOR_THEN_HUMAN_LINGUISTIC_REVIEW,True,False
PAGE_SUSTAINABILITY_CENTER,/tecnologiaverde.html,en,0,ALREADY_ACTIVE_CANONICAL,,HOLD_SUSTAINABILITY_ASSURANCE,HOLD_DERIVED_LOCALE_REVIEW,HOLD_CONTENT_REBASE_HUMAN_LINGUISTIC_REVIEW,REBASE_FROM_PT_BR_SUCCESSOR_THEN_HUMAN_LINGUISTIC_REVIEW,True,False
PAGE_SUSTAINABILITY_CENTER,/tecnologiaverde.html,es,0,ALREADY_ACTIVE_CANONICAL,,HOLD_SUSTAINABILITY_ASSURANCE,HOLD_DERIVED_LOCALE_REVIEW,HOLD_CONTENT_REBASE_HUMAN_LINGUISTIC_REVIEW,REBASE_FROM_PT_BR_SUCCESSOR_THEN_HUMAN_LINGUISTIC_REVIEW,True,False
PAGE_SUSTAINABILITY_CENTER,/tecnologiaverde.html,fr,0,ALREADY_ACTIVE_CANONICAL,,HOLD_SUSTAINABILITY_ASSURANCE,HOLD_DERIVED_LOCALE_REVIEW,HOLD_CONTENT_REBASE_HUMAN_LINGUISTIC_REVIEW,REBASE_FROM_PT_BR_SUCCESSOR_THEN_HUMAN_LINGUISTIC_REVIEW,True,False
PAGE_SUSTAINABILITY_CENTER,/tecnologiaverde.html,it,0,ALREADY_ACTIVE_CANONICAL,,HOLD_SUSTAINABILITY_ASSURANCE,HOLD_DERIVED_LOCALE_REVIEW,HOLD_CONTENT_REBASE_HUMAN_LINGUISTIC_REVIEW,REBASE_FROM_PT_BR_SUCCESSOR_THEN_HUMAN_LINGUISTIC_REVIEW,True,False
PAGE_SUSTAINABILITY_CENTER,/tecnologiaverde.html,ja,0,ALREADY_ACTIVE_CANONICAL,,HOLD_SUSTAINABILITY_ASSURANCE,HOLD_DERIVED_LOCALE_REVIEW,HOLD_CONTENT_REBASE_HUMAN_LINGUISTIC_REVIEW,REBASE_FROM_PT_BR_SUCCESSOR_THEN_HUMAN_LINGUISTIC_REVIEW,True,False
PAGE_SUSTAINABILITY_CENTER,/tecnologiaverde.html,pt-BR,0,ALREADY_ACTIVE_CANONICAL,,HOLD_SUSTAINABILITY_ASSURANCE,PASS_SOURCE_LOCALE_STATIC,HOLD_SUSTAINABILITY_ASSURANCE,CHECKER_AUDIT_AND_RESOLVE_PAGE_SCOPED_HOLDS,True,False
PAGE_SUSTAINABILITY_CENTER,/tecnologiaverde.html,bg-BG,1,NEW_BASE_LANGUAGE_TRANSLATION,,HOLD_SUSTAINABILITY_ASSURANCE,HOLD_TRANSLATION_AND_DERIVED_LOCALE_REVIEW,HOLD_TRANSLATION_REQUIRED_HUMAN_REVIEW,CREATE_TRANSLATION_FROM_CONTROLLED_PT_BR_THEN_HUMAN_LINGUISTIC_REVIEW,True,False
PAGE_SUSTAINABILITY_CENTER,/tecnologiaverde.html,cs-CZ,1,NEW_BASE_LANGUAGE_TRANSLATION,,HOLD_SUSTAINABILITY_ASSURANCE,HOLD_TRANSLATION_AND_DERIVED_LOCALE_REVIEW,HOLD_TRANSLATION_REQUIRED_HUMAN_REVIEW,CREATE_TRANSLATION_FROM_CONTROLLED_PT_BR_THEN_HUMAN_LINGUISTIC_REVIEW,True,False
PAGE_SUSTAINABILITY_CENTER,/tecnologiaverde.html,da-DK,1,NEW_BASE_LANGUAGE_TRANSLATION,,HOLD_SUSTAINABILITY_ASSURANCE,HOLD_TRANSLATION_AND_DERIVED_LOCALE_REVIEW,HOLD_TRANSLATION_REQUIRED_HUMAN_REVIEW,CREATE_TRANSLATION_FROM_CONTROLLED_PT_BR_THEN_HUMAN_LINGUISTIC_REVIEW,True,False
PAGE_SUSTAINABILITY_CENTER,/tecnologiaverde.html,fi-FI,1,NEW_BASE_LANGUAGE_TRANSLATION,,HOLD_SUSTAINABILITY_ASSURANCE,HOLD_TRANSLATION_AND_DERIVED_LOCALE_REVIEW,HOLD_TRANSLATION_REQUIRED_HUMAN_REVIEW,CREATE_TRANSLATION_FROM_CONTROLLED_PT_BR_THEN_HUMAN_LINGUISTIC_REVIEW,True,False
PAGE_SUSTAINABILITY_CENTER,/tecnologiaverde.html,hr-HR,1,NEW_BASE_LANGUAGE_TRANSLATION,,HOLD_SUSTAINABILITY_ASSURANCE,HOLD_TRANSLATION_AND_DERIVED_LOCALE_REVIEW,HOLD_TRANSLATION_REQUIRED_HUMAN_REVIEW,CREATE_TRANSLATION_FROM_CONTROLLED_PT_BR_THEN_HUMAN_LINGUISTIC_REVIEW,True,False
PAGE_SUSTAINABILITY_CENTER,/tecnologiaverde.html,hu-HU,1,NEW_BASE_LANGUAGE_TRANSLATION,,HOLD_SUSTAINABILITY_ASSURANCE,HOLD_TRANSLATION_AND_DERIVED_LOCALE_REVIEW,HOLD_TRANSLATION_REQUIRED_HUMAN_REVIEW,CREATE_TRANSLATION_FROM_CONTROLLED_PT_BR_THEN_HUMAN_LINGUISTIC_REVIEW,True,False
PAGE_SUSTAINABILITY_CENTER,/tecnologiaverde.html,no-NO,1,NEW_BASE_LANGUAGE_TRANSLATION,,HOLD_SUSTAINABILITY_ASSURANCE,HOLD_TRANSLATION_AND_DERIVED_LOCALE_REVIEW,HOLD_TRANSLATION_REQUIRED_HUMAN_REVIEW,CREATE_TRANSLATION_FROM_CONTROLLED_PT_BR_THEN_HUMAN_LINGUISTIC_REVIEW,True,False
PAGE_SUSTAINABILITY_CENTER,/tecnologiaverde.html,ro-RO,1,NEW_BASE_LANGUAGE_TRANSLATION,,HOLD_SUSTAINABILITY_ASSURANCE,HOLD_TRANSLATION_AND_DERIVED_LOCALE_REVIEW,HOLD_TRANSLATION_REQUIRED_HUMAN_REVIEW,CREATE_TRANSLATION_FROM_CONTROLLED_PT_BR_THEN_HUMAN_LINGUISTIC_REVIEW,True,False
PAGE_SUSTAINABILITY_CENTER,/tecnologiaverde.html,sl-SI,1,NEW_BASE_LANGUAGE_TRANSLATION,,HOLD_SUSTAINABILITY_ASSURANCE,HOLD_TRANSLATION_AND_DERIVED_LOCALE_REVIEW,HOLD_TRANSLATION_REQUIRED_HUMAN_REVIEW,CREATE_TRANSLATION_FROM_CONTROLLED_PT_BR_THEN_HUMAN_LINGUISTIC_REVIEW,True,False
PAGE_SUSTAINABILITY_CENTER,/tecnologiaverde.html,sr-RS,1,NEW_BASE_LANGUAGE_TRANSLATION,,HOLD_SUSTAINABILITY_ASSURANCE,HOLD_TRANSLATION_AND_DERIVED_LOCALE_REVIEW,HOLD_TRANSLATION_REQUIRED_HUMAN_REVIEW,CREATE_TRANSLATION_FROM_CONTROLLED_PT_BR_THEN_HUMAN_LINGUISTIC_REVIEW,True,False
PAGE_SUSTAINABILITY_CENTER,/tecnologiaverde.html,th-TH,1,NEW_BASE_LANGUAGE_TRANSLATION,,HOLD_SUSTAINABILITY_ASSURANCE,HOLD_TRANSLATION_AND_DERIVED_LOCALE_REVIEW,HOLD_TRANSLATION_REQUIRED_HUMAN_REVIEW,CREATE_TRANSLATION_FROM_CONTROLLED_PT_BR_THEN_HUMAN_LINGUISTIC_REVIEW,True,False
PAGE_SUSTAINABILITY_CENTER,/tecnologiaverde.html,hi-IN,1,CANONICALIZE_EXISTING_ALIAS,hi,HOLD_SUSTAINABILITY_ASSURANCE,HOLD_ALIAS_AND_DERIVED_LOCALE_REVIEW,HOLD_ALIAS_CANONICALIZATION_CONTENT_REBASE_HUMAN_REVIEW,CANONICALIZE_ALIAS_REBASE_CONTENT_THEN_HUMAN_LINGUISTIC_REVIEW,True,False
PAGE_SUSTAINABILITY_CENTER,/tecnologiaverde.html,id-ID,1,CANONICALIZE_EXISTING_ALIAS,id,HOLD_SUSTAINABILITY_ASSURANCE,HOLD_ALIAS_AND_DERIVED_LOCALE_REVIEW,HOLD_ALIAS_CANONICALIZATION_CONTENT_REBASE_HUMAN_REVIEW,CANONICALIZE_ALIAS_REBASE_CONTENT_THEN_HUMAN_LINGUISTIC_REVIEW,True,False
PAGE_SUSTAINABILITY_CENTER,/tecnologiaverde.html,ko-KR,1,CANONICALIZE_EXISTING_ALIAS,ko,HOLD_SUSTAINABILITY_ASSURANCE,HOLD_ALIAS_AND_DERIVED_LOCALE_REVIEW,HOLD_ALIAS_CANONICALIZATION_CONTENT_REBASE_HUMAN_REVIEW,CANONICALIZE_ALIAS_REBASE_CONTENT_THEN_HUMAN_LINGUISTIC_REVIEW,True,False
PAGE_SUSTAINABILITY_CENTER,/tecnologiaverde.html,nl-NL,1,CANONICALIZE_EXISTING_ALIAS,nl,HOLD_SUSTAINABILITY_ASSURANCE,HOLD_ALIAS_AND_DERIVED_LOCALE_REVIEW,HOLD_ALIAS_CANONICALIZATION_CONTENT_REBASE_HUMAN_REVIEW,CANONICALIZE_ALIAS_REBASE_CONTENT_THEN_HUMAN_LINGUISTIC_REVIEW,True,False
PAGE_SUSTAINABILITY_CENTER,/tecnologiaverde.html,pl-PL,1,CANONICALIZE_EXISTING_ALIAS,pl,HOLD_SUSTAINABILITY_ASSURANCE,HOLD_ALIAS_AND_DERIVED_LOCALE_REVIEW,HOLD_ALIAS_CANONICALIZATION_CONTENT_REBASE_HUMAN_REVIEW,CANONICALIZE_ALIAS_REBASE_CONTENT_THEN_HUMAN_LINGUISTIC_REVIEW,True,False
PAGE_SUSTAINABILITY_CENTER,/tecnologiaverde.html,ru-RU,1,CANONICALIZE_EXISTING_ALIAS,ru,HOLD_SUSTAINABILITY_ASSURANCE,HOLD_ALIAS_AND_DERIVED_LOCALE_REVIEW,HOLD_ALIAS_CANONICALIZATION_CONTENT_REBASE_HUMAN_REVIEW,CANONICALIZE_ALIAS_REBASE_CONTENT_THEN_HUMAN_LINGUISTIC_REVIEW,True,False
PAGE_SUSTAINABILITY_CENTER,/tecnologiaverde.html,sv-SE,1,CANONICALIZE_EXISTING_ALIAS,sv,HOLD_SUSTAINABILITY_ASSURANCE,HOLD_ALIAS_AND_DERIVED_LOCALE_REVIEW,HOLD_ALIAS_CANONICALIZATION_CONTENT_REBASE_HUMAN_REVIEW,CANONICALIZE_ALIAS_REBASE_CONTENT_THEN_HUMAN_LINGUISTIC_REVIEW,True,False
PAGE_SUSTAINABILITY_CENTER,/tecnologiaverde.html,tr-TR,1,CANONICALIZE_EXISTING_ALIAS,tr,HOLD_SUSTAINABILITY_ASSURANCE,HOLD_ALIAS_AND_DERIVED_LOCALE_REVIEW,HOLD_ALIAS_CANONICALIZATION_CONTENT_REBASE_HUMAN_REVIEW,CANONICALIZE_ALIAS_REBASE_CONTENT_THEN_HUMAN_LINGUISTIC_REVIEW,True,False
PAGE_SUSTAINABILITY_CENTER,/tecnologiaverde.html,uk-UA,1,CANONICALIZE_EXISTING_ALIAS,uk,HOLD_SUSTAINABILITY_ASSURANCE,HOLD_ALIAS_AND_DERIVED_LOCALE_REVIEW,HOLD_ALIAS_CANONICALIZATION_CONTENT_REBASE_HUMAN_REVIEW,CANONICALIZE_ALIAS_REBASE_CONTENT_THEN_HUMAN_LINGUISTIC_REVIEW,True,False
PAGE_SUSTAINABILITY_CENTER,/tecnologiaverde.html,vi-VN,1,CANONICALIZE_EXISTING_ALIAS,vi,HOLD_SUSTAINABILITY_ASSURANCE,HOLD_ALIAS_AND_DERIVED_LOCALE_REVIEW,HOLD_ALIAS_CANONICALIZATION_CONTENT_REBASE_HUMAN_REVIEW,CANONICALIZE_ALIAS_REBASE_CONTENT_THEN_HUMAN_LINGUISTIC_REVIEW,True,False
PAGE_SUSTAINABILITY_CENTER,/tecnologiaverde.html,zh-CN,1,CANONICALIZE_EXISTING_ALIAS,zh,HOLD_SUSTAINABILITY_ASSURANCE,HOLD_ALIAS_AND_DERIVED_LOCALE_REVIEW,HOLD_ALIAS_CANONICALIZATION_CONTENT_REBASE_HUMAN_REVIEW,CANONICALIZE_ALIAS_REBASE_CONTENT_THEN_HUMAN_LINGUISTIC_REVIEW,True,False
PAGE_PRIVACY_CENTER,/privacidade.html,ar,0,ALREADY_ACTIVE_CANONICAL,,HOLD_PRIVACY_LEGAL_RUNTIME_ROUTE,HOLD_DERIVED_LOCALE_REVIEW,HOLD_CONTENT_REBASE_HUMAN_LINGUISTIC_REVIEW,REBASE_FROM_PT_BR_SUCCESSOR_THEN_HUMAN_LINGUISTIC_REVIEW,True,False
PAGE_PRIVACY_CENTER,/privacidade.html,de,0,ALREADY_ACTIVE_CANONICAL,,HOLD_PRIVACY_LEGAL_RUNTIME_ROUTE,HOLD_DERIVED_LOCALE_REVIEW,HOLD_CONTENT_REBASE_HUMAN_LINGUISTIC_REVIEW,REBASE_FROM_PT_BR_SUCCESSOR_THEN_HUMAN_LINGUISTIC_REVIEW,True,False
PAGE_PRIVACY_CENTER,/privacidade.html,en,0,ALREADY_ACTIVE_CANONICAL,,HOLD_PRIVACY_LEGAL_RUNTIME_ROUTE,HOLD_DERIVED_LOCALE_REVIEW,HOLD_CONTENT_REBASE_HUMAN_LINGUISTIC_REVIEW,REBASE_FROM_PT_BR_SUCCESSOR_THEN_HUMAN_LINGUISTIC_REVIEW,True,False
PAGE_PRIVACY_CENTER,/privacidade.html,es,0,ALREADY_ACTIVE_CANONICAL,,HOLD_PRIVACY_LEGAL_RUNTIME_ROUTE,HOLD_DERIVED_LOCALE_REVIEW,HOLD_CONTENT_REBASE_HUMAN_LINGUISTIC_REVIEW,REBASE_FROM_PT_BR_SUCCESSOR_THEN_HUMAN_LINGUISTIC_REVIEW,True,False
PAGE_PRIVACY_CENTER,/privacidade.html,fr,0,ALREADY_ACTIVE_CANONICAL,,HOLD_PRIVACY_LEGAL_RUNTIME_ROUTE,HOLD_DERIVED_LOCALE_REVIEW,HOLD_CONTENT_REBASE_HUMAN_LINGUISTIC_REVIEW,REBASE_FROM_PT_BR_SUCCESSOR_THEN_HUMAN_LINGUISTIC_REVIEW,True,False
PAGE_PRIVACY_CENTER,/privacidade.html,it,0,ALREADY_ACTIVE_CANONICAL,,HOLD_PRIVACY_LEGAL_RUNTIME_ROUTE,HOLD_DERIVED_LOCALE_REVIEW,HOLD_CONTENT_REBASE_HUMAN_LINGUISTIC_REVIEW,REBASE_FROM_PT_BR_SUCCESSOR_THEN_HUMAN_LINGUISTIC_REVIEW,True,False
PAGE_PRIVACY_CENTER,/privacidade.html,ja,0,ALREADY_ACTIVE_CANONICAL,,HOLD_PRIVACY_LEGAL_RUNTIME_ROUTE,HOLD_DERIVED_LOCALE_REVIEW,HOLD_CONTENT_REBASE_HUMAN_LINGUISTIC_REVIEW,REBASE_FROM_PT_BR_SUCCESSOR_THEN_HUMAN_LINGUISTIC_REVIEW,True,False
PAGE_PRIVACY_CENTER,/privacidade.html,pt-BR,0,ALREADY_ACTIVE_CANONICAL,,HOLD_PRIVACY_LEGAL_RUNTIME_ROUTE,PASS_SOURCE_LOCALE_STATIC,HOLD_PRIVACY_LEGAL_RUNTIME_ROUTE,CHECKER_AUDIT_AND_RESOLVE_PAGE_SCOPED_HOLDS,True,False
PAGE_PRIVACY_CENTER,/privacidade.html,bg-BG,1,NEW_BASE_LANGUAGE_TRANSLATION,,HOLD_PRIVACY_LEGAL_RUNTIME_ROUTE,HOLD_TRANSLATION_AND_DERIVED_LOCALE_REVIEW,HOLD_TRANSLATION_REQUIRED_HUMAN_REVIEW,CREATE_TRANSLATION_FROM_CONTROLLED_PT_BR_THEN_HUMAN_LINGUISTIC_REVIEW,True,False
PAGE_PRIVACY_CENTER,/privacidade.html,cs-CZ,1,NEW_BASE_LANGUAGE_TRANSLATION,,HOLD_PRIVACY_LEGAL_RUNTIME_ROUTE,HOLD_TRANSLATION_AND_DERIVED_LOCALE_REVIEW,HOLD_TRANSLATION_REQUIRED_HUMAN_REVIEW,CREATE_TRANSLATION_FROM_CONTROLLED_PT_BR_THEN_HUMAN_LINGUISTIC_REVIEW,True,False
PAGE_PRIVACY_CENTER,/privacidade.html,da-DK,1,NEW_BASE_LANGUAGE_TRANSLATION,,HOLD_PRIVACY_LEGAL_RUNTIME_ROUTE,HOLD_TRANSLATION_AND_DERIVED_LOCALE_REVIEW,HOLD_TRANSLATION_REQUIRED_HUMAN_REVIEW,CREATE_TRANSLATION_FROM_CONTROLLED_PT_BR_THEN_HUMAN_LINGUISTIC_REVIEW,True,False
PAGE_PRIVACY_CENTER,/privacidade.html,fi-FI,1,NEW_BASE_LANGUAGE_TRANSLATION,,HOLD_PRIVACY_LEGAL_RUNTIME_ROUTE,HOLD_TRANSLATION_AND_DERIVED_LOCALE_REVIEW,HOLD_TRANSLATION_REQUIRED_HUMAN_REVIEW,CREATE_TRANSLATION_FROM_CONTROLLED_PT_BR_THEN_HUMAN_LINGUISTIC_REVIEW,True,False
PAGE_PRIVACY_CENTER,/privacidade.html,hr-HR,1,NEW_BASE_LANGUAGE_TRANSLATION,,HOLD_PRIVACY_LEGAL_RUNTIME_ROUTE,HOLD_TRANSLATION_AND_DERIVED_LOCALE_REVIEW,HOLD_TRANSLATION_REQUIRED_HUMAN_REVIEW,CREATE_TRANSLATION_FROM_CONTROLLED_PT_BR_THEN_HUMAN_LINGUISTIC_REVIEW,True,False
PAGE_PRIVACY_CENTER,/privacidade.html,hu-HU,1,NEW_BASE_LANGUAGE_TRANSLATION,,HOLD_PRIVACY_LEGAL_RUNTIME_ROUTE,HOLD_TRANSLATION_AND_DERIVED_LOCALE_REVIEW,HOLD_TRANSLATION_REQUIRED_HUMAN_REVIEW,CREATE_TRANSLATION_FROM_CONTROLLED_PT_BR_THEN_HUMAN_LINGUISTIC_REVIEW,True,False
PAGE_PRIVACY_CENTER,/privacidade.html,no-NO,1,NEW_BASE_LANGUAGE_TRANSLATION,,HOLD_PRIVACY_LEGAL_RUNTIME_ROUTE,HOLD_TRANSLATION_AND_DERIVED_LOCALE_REVIEW,HOLD_TRANSLATION_REQUIRED_HUMAN_REVIEW,CREATE_TRANSLATION_FROM_CONTROLLED_PT_BR_THEN_HUMAN_LINGUISTIC_REVIEW,True,False
PAGE_PRIVACY_CENTER,/privacidade.html,ro-RO,1,NEW_BASE_LANGUAGE_TRANSLATION,,HOLD_PRIVACY_LEGAL_RUNTIME_ROUTE,HOLD_TRANSLATION_AND_DERIVED_LOCALE_REVIEW,HOLD_TRANSLATION_REQUIRED_HUMAN_REVIEW,CREATE_TRANSLATION_FROM_CONTROLLED_PT_BR_THEN_HUMAN_LINGUISTIC_REVIEW,True,False
PAGE_PRIVACY_CENTER,/privacidade.html,sl-SI,1,NEW_BASE_LANGUAGE_TRANSLATION,,HOLD_PRIVACY_LEGAL_RUNTIME_ROUTE,HOLD_TRANSLATION_AND_DERIVED_LOCALE_REVIEW,HOLD_TRANSLATION_REQUIRED_HUMAN_REVIEW,CREATE_TRANSLATION_FROM_CONTROLLED_PT_BR_THEN_HUMAN_LINGUISTIC_REVIEW,True,False
PAGE_PRIVACY_CENTER,/privacidade.html,sr-RS,1,NEW_BASE_LANGUAGE_TRANSLATION,,HOLD_PRIVACY_LEGAL_RUNTIME_ROUTE,HOLD_TRANSLATION_AND_DERIVED_LOCALE_REVIEW,HOLD_TRANSLATION_REQUIRED_HUMAN_REVIEW,CREATE_TRANSLATION_FROM_CONTROLLED_PT_BR_THEN_HUMAN_LINGUISTIC_REVIEW,True,False
PAGE_PRIVACY_CENTER,/privacidade.html,th-TH,1,NEW_BASE_LANGUAGE_TRANSLATION,,HOLD_PRIVACY_LEGAL_RUNTIME_ROUTE,HOLD_TRANSLATION_AND_DERIVED_LOCALE_REVIEW,HOLD_TRANSLATION_REQUIRED_HUMAN_REVIEW,CREATE_TRANSLATION_FROM_CONTROLLED_PT_BR_THEN_HUMAN_LINGUISTIC_REVIEW,True,False
PAGE_PRIVACY_CENTER,/privacidade.html,hi-IN,1,CANONICALIZE_EXISTING_ALIAS,hi,HOLD_PRIVACY_LEGAL_RUNTIME_ROUTE,HOLD_ALIAS_AND_DERIVED_LOCALE_REVIEW,HOLD_ALIAS_CANONICALIZATION_CONTENT_REBASE_HUMAN_REVIEW,CANONICALIZE_ALIAS_REBASE_CONTENT_THEN_HUMAN_LINGUISTIC_REVIEW,True,False
PAGE_PRIVACY_CENTER,/privacidade.html,id-ID,1,CANONICALIZE_EXISTING_ALIAS,id,HOLD_PRIVACY_LEGAL_RUNTIME_ROUTE,HOLD_ALIAS_AND_DERIVED_LOCALE_REVIEW,HOLD_ALIAS_CANONICALIZATION_CONTENT_REBASE_HUMAN_REVIEW,CANONICALIZE_ALIAS_REBASE_CONTENT_THEN_HUMAN_LINGUISTIC_REVIEW,True,False
PAGE_PRIVACY_CENTER,/privacidade.html,ko-KR,1,CANONICALIZE_EXISTING_ALIAS,ko,HOLD_PRIVACY_LEGAL_RUNTIME_ROUTE,HOLD_ALIAS_AND_DERIVED_LOCALE_REVIEW,HOLD_ALIAS_CANONICALIZATION_CONTENT_REBASE_HUMAN_REVIEW,CANONICALIZE_ALIAS_REBASE_CONTENT_THEN_HUMAN_LINGUISTIC_REVIEW,True,False
PAGE_PRIVACY_CENTER,/privacidade.html,nl-NL,1,CANONICALIZE_EXISTING_ALIAS,nl,HOLD_PRIVACY_LEGAL_RUNTIME_ROUTE,HOLD_ALIAS_AND_DERIVED_LOCALE_REVIEW,HOLD_ALIAS_CANONICALIZATION_CONTENT_REBASE_HUMAN_REVIEW,CANONICALIZE_ALIAS_REBASE_CONTENT_THEN_HUMAN_LINGUISTIC_REVIEW,True,False
PAGE_PRIVACY_CENTER,/privacidade.html,pl-PL,1,CANONICALIZE_EXISTING_ALIAS,pl,HOLD_PRIVACY_LEGAL_RUNTIME_ROUTE,HOLD_ALIAS_AND_DERIVED_LOCALE_REVIEW,HOLD_ALIAS_CANONICALIZATION_CONTENT_REBASE_HUMAN_REVIEW,CANONICALIZE_ALIAS_REBASE_CONTENT_THEN_HUMAN_LINGUISTIC_REVIEW,True,False
PAGE_PRIVACY_CENTER,/privacidade.html,ru-RU,1,CANONICALIZE_EXISTING_ALIAS,ru,HOLD_PRIVACY_LEGAL_RUNTIME_ROUTE,HOLD_ALIAS_AND_DERIVED_LOCALE_REVIEW,HOLD_ALIAS_CANONICALIZATION_CONTENT_REBASE_HUMAN_REVIEW,CANONICALIZE_ALIAS_REBASE_CONTENT_THEN_HUMAN_LINGUISTIC_REVIEW,True,False
PAGE_PRIVACY_CENTER,/privacidade.html,sv-SE,1,CANONICALIZE_EXISTING_ALIAS,sv,HOLD_PRIVACY_LEGAL_RUNTIME_ROUTE,HOLD_ALIAS_AND_DERIVED_LOCALE_REVIEW,HOLD_ALIAS_CANONICALIZATION_CONTENT_REBASE_HUMAN_REVIEW,CANONICALIZE_ALIAS_REBASE_CONTENT_THEN_HUMAN_LINGUISTIC_REVIEW,True,False
PAGE_PRIVACY_CENTER,/privacidade.html,tr-TR,1,CANONICALIZE_EXISTING_ALIAS,tr,HOLD_PRIVACY_LEGAL_RUNTIME_ROUTE,HOLD_ALIAS_AND_DERIVED_LOCALE_REVIEW,HOLD_ALIAS_CANONICALIZATION_CONTENT_REBASE_HUMAN_REVIEW,CANONICALIZE_ALIAS_REBASE_CONTENT_THEN_HUMAN_LINGUISTIC_REVIEW,True,False
PAGE_PRIVACY_CENTER,/privacidade.html,uk-UA,1,CANONICALIZE_EXISTING_ALIAS,uk,HOLD_PRIVACY_LEGAL_RUNTIME_ROUTE,HOLD_ALIAS_AND_DERIVED_LOCALE_REVIEW,HOLD_ALIAS_CANONICALIZATION_CONTENT_REBASE_HUMAN_REVIEW,CANONICALIZE_ALIAS_REBASE_CONTENT_THEN_HUMAN_LINGUISTIC_REVIEW,True,False
PAGE_PRIVACY_CENTER,/privacidade.html,vi-VN,1,CANONICALIZE_EXISTING_ALIAS,vi,HOLD_PRIVACY_LEGAL_RUNTIME_ROUTE,HOLD_ALIAS_AND_DERIVED_LOCALE_REVIEW,HOLD_ALIAS_CANONICALIZATION_CONTENT_REBASE_HUMAN_REVIEW,CANONICALIZE_ALIAS_REBASE_CONTENT_THEN_HUMAN_LINGUISTIC_REVIEW,True,False
PAGE_PRIVACY_CENTER,/privacidade.html,zh-CN,1,CANONICALIZE_EXISTING_ALIAS,zh,HOLD_PRIVACY_LEGAL_RUNTIME_ROUTE,HOLD_ALIAS_AND_DERIVED_LOCALE_REVIEW,HOLD_ALIAS_CANONICALIZATION_CONTENT_REBASE_HUMAN_REVIEW,CANONICALIZE_ALIAS_REBASE_CONTENT_THEN_HUMAN_LINGUISTIC_REVIEW,True,False
PAGE_NOTIFICATIONS_DISCLAIMER,/notificacoes-legais.html,ar,0,ALREADY_ACTIVE_CANONICAL,,HOLD_ROUTE_LEGAL,HOLD_DERIVED_LOCALE_REVIEW,HOLD_CONTENT_REBASE_HUMAN_LINGUISTIC_REVIEW,REBASE_FROM_PT_BR_SUCCESSOR_THEN_HUMAN_LINGUISTIC_REVIEW,True,False
PAGE_NOTIFICATIONS_DISCLAIMER,/notificacoes-legais.html,de,0,ALREADY_ACTIVE_CANONICAL,,HOLD_ROUTE_LEGAL,HOLD_DERIVED_LOCALE_REVIEW,HOLD_CONTENT_REBASE_HUMAN_LINGUISTIC_REVIEW,REBASE_FROM_PT_BR_SUCCESSOR_THEN_HUMAN_LINGUISTIC_REVIEW,True,False
PAGE_NOTIFICATIONS_DISCLAIMER,/notificacoes-legais.html,en,0,ALREADY_ACTIVE_CANONICAL,,HOLD_ROUTE_LEGAL,HOLD_DERIVED_LOCALE_REVIEW,HOLD_CONTENT_REBASE_HUMAN_LINGUISTIC_REVIEW,REBASE_FROM_PT_BR_SUCCESSOR_THEN_HUMAN_LINGUISTIC_REVIEW,True,False
PAGE_NOTIFICATIONS_DISCLAIMER,/notificacoes-legais.html,es,0,ALREADY_ACTIVE_CANONICAL,,HOLD_ROUTE_LEGAL,HOLD_DERIVED_LOCALE_REVIEW,HOLD_CONTENT_REBASE_HUMAN_LINGUISTIC_REVIEW,REBASE_FROM_PT_BR_SUCCESSOR_THEN_HUMAN_LINGUISTIC_REVIEW,True,False
PAGE_NOTIFICATIONS_DISCLAIMER,/notificacoes-legais.html,fr,0,ALREADY_ACTIVE_CANONICAL,,HOLD_ROUTE_LEGAL,HOLD_DERIVED_LOCALE_REVIEW,HOLD_CONTENT_REBASE_HUMAN_LINGUISTIC_REVIEW,REBASE_FROM_PT_BR_SUCCESSOR_THEN_HUMAN_LINGUISTIC_REVIEW,True,False
PAGE_NOTIFICATIONS_DISCLAIMER,/notificacoes-legais.html,it,0,ALREADY_ACTIVE_CANONICAL,,HOLD_ROUTE_LEGAL,HOLD_DERIVED_LOCALE_REVIEW,HOLD_CONTENT_REBASE_HUMAN_LINGUISTIC_REVIEW,REBASE_FROM_PT_BR_SUCCESSOR_THEN_HUMAN_LINGUISTIC_REVIEW,True,False
PAGE_NOTIFICATIONS_DISCLAIMER,/notificacoes-legais.html,ja,0,ALREADY_ACTIVE_CANONICAL,,HOLD_ROUTE_LEGAL,HOLD_DERIVED_LOCALE_REVIEW,HOLD_CONTENT_REBASE_HUMAN_LINGUISTIC_REVIEW,REBASE_FROM_PT_BR_SUCCESSOR_THEN_HUMAN_LINGUISTIC_REVIEW,True,False
PAGE_NOTIFICATIONS_DISCLAIMER,/notificacoes-legais.html,pt-BR,0,ALREADY_ACTIVE_CANONICAL,,HOLD_ROUTE_LEGAL,PASS_SOURCE_LOCALE_STATIC,HOLD_ROUTE_LEGAL,CHECKER_AUDIT_AND_RESOLVE_PAGE_SCOPED_HOLDS,True,False
PAGE_NOTIFICATIONS_DISCLAIMER,/notificacoes-legais.html,bg-BG,1,NEW_BASE_LANGUAGE_TRANSLATION,,HOLD_ROUTE_LEGAL,HOLD_TRANSLATION_AND_DERIVED_LOCALE_REVIEW,HOLD_TRANSLATION_REQUIRED_HUMAN_REVIEW,CREATE_TRANSLATION_FROM_CONTROLLED_PT_BR_THEN_HUMAN_LINGUISTIC_REVIEW,True,False
PAGE_NOTIFICATIONS_DISCLAIMER,/notificacoes-legais.html,cs-CZ,1,NEW_BASE_LANGUAGE_TRANSLATION,,HOLD_ROUTE_LEGAL,HOLD_TRANSLATION_AND_DERIVED_LOCALE_REVIEW,HOLD_TRANSLATION_REQUIRED_HUMAN_REVIEW,CREATE_TRANSLATION_FROM_CONTROLLED_PT_BR_THEN_HUMAN_LINGUISTIC_REVIEW,True,False
PAGE_NOTIFICATIONS_DISCLAIMER,/notificacoes-legais.html,da-DK,1,NEW_BASE_LANGUAGE_TRANSLATION,,HOLD_ROUTE_LEGAL,HOLD_TRANSLATION_AND_DERIVED_LOCALE_REVIEW,HOLD_TRANSLATION_REQUIRED_HUMAN_REVIEW,CREATE_TRANSLATION_FROM_CONTROLLED_PT_BR_THEN_HUMAN_LINGUISTIC_REVIEW,True,False
PAGE_NOTIFICATIONS_DISCLAIMER,/notificacoes-legais.html,fi-FI,1,NEW_BASE_LANGUAGE_TRANSLATION,,HOLD_ROUTE_LEGAL,HOLD_TRANSLATION_AND_DERIVED_LOCALE_REVIEW,HOLD_TRANSLATION_REQUIRED_HUMAN_REVIEW,CREATE_TRANSLATION_FROM_CONTROLLED_PT_BR_THEN_HUMAN_LINGUISTIC_REVIEW,True,False
PAGE_NOTIFICATIONS_DISCLAIMER,/notificacoes-legais.html,hr-HR,1,NEW_BASE_LANGUAGE_TRANSLATION,,HOLD_ROUTE_LEGAL,HOLD_TRANSLATION_AND_DERIVED_LOCALE_REVIEW,HOLD_TRANSLATION_REQUIRED_HUMAN_REVIEW,CREATE_TRANSLATION_FROM_CONTROLLED_PT_BR_THEN_HUMAN_LINGUISTIC_REVIEW,True,False
PAGE_NOTIFICATIONS_DISCLAIMER,/notificacoes-legais.html,hu-HU,1,NEW_BASE_LANGUAGE_TRANSLATION,,HOLD_ROUTE_LEGAL,HOLD_TRANSLATION_AND_DERIVED_LOCALE_REVIEW,HOLD_TRANSLATION_REQUIRED_HUMAN_REVIEW,CREATE_TRANSLATION_FROM_CONTROLLED_PT_BR_THEN_HUMAN_LINGUISTIC_REVIEW,True,False
PAGE_NOTIFICATIONS_DISCLAIMER,/notificacoes-legais.html,no-NO,1,NEW_BASE_LANGUAGE_TRANSLATION,,HOLD_ROUTE_LEGAL,HOLD_TRANSLATION_AND_DERIVED_LOCALE_REVIEW,HOLD_TRANSLATION_REQUIRED_HUMAN_REVIEW,CREATE_TRANSLATION_FROM_CONTROLLED_PT_BR_THEN_HUMAN_LINGUISTIC_REVIEW,True,False
PAGE_NOTIFICATIONS_DISCLAIMER,/notificacoes-legais.html,ro-RO,1,NEW_BASE_LANGUAGE_TRANSLATION,,HOLD_ROUTE_LEGAL,HOLD_TRANSLATION_AND_DERIVED_LOCALE_REVIEW,HOLD_TRANSLATION_REQUIRED_HUMAN_REVIEW,CREATE_TRANSLATION_FROM_CONTROLLED_PT_BR_THEN_HUMAN_LINGUISTIC_REVIEW,True,False
PAGE_NOTIFICATIONS_DISCLAIMER,/notificacoes-legais.html,sl-SI,1,NEW_BASE_LANGUAGE_TRANSLATION,,HOLD_ROUTE_LEGAL,HOLD_TRANSLATION_AND_DERIVED_LOCALE_REVIEW,HOLD_TRANSLATION_REQUIRED_HUMAN_REVIEW,CREATE_TRANSLATION_FROM_CONTROLLED_PT_BR_THEN_HUMAN_LINGUISTIC_REVIEW,True,False
PAGE_NOTIFICATIONS_DISCLAIMER,/notificacoes-legais.html,sr-RS,1,NEW_BASE_LANGUAGE_TRANSLATION,,HOLD_ROUTE_LEGAL,HOLD_TRANSLATION_AND_DERIVED_LOCALE_REVIEW,HOLD_TRANSLATION_REQUIRED_HUMAN_REVIEW,CREATE_TRANSLATION_FROM_CONTROLLED_PT_BR_THEN_HUMAN_LINGUISTIC_REVIEW,True,False
PAGE_NOTIFICATIONS_DISCLAIMER,/notificacoes-legais.html,th-TH,1,NEW_BASE_LANGUAGE_TRANSLATION,,HOLD_ROUTE_LEGAL,HOLD_TRANSLATION_AND_DERIVED_LOCALE_REVIEW,HOLD_TRANSLATION_REQUIRED_HUMAN_REVIEW,CREATE_TRANSLATION_FROM_CONTROLLED_PT_BR_THEN_HUMAN_LINGUISTIC_REVIEW,True,False
PAGE_NOTIFICATIONS_DISCLAIMER,/notificacoes-legais.html,hi-IN,1,CANONICALIZE_EXISTING_ALIAS,hi,HOLD_ROUTE_LEGAL,HOLD_ALIAS_AND_DERIVED_LOCALE_REVIEW,HOLD_ALIAS_CANONICALIZATION_CONTENT_REBASE_HUMAN_REVIEW,CANONICALIZE_ALIAS_REBASE_CONTENT_THEN_HUMAN_LINGUISTIC_REVIEW,True,False
PAGE_NOTIFICATIONS_DISCLAIMER,/notificacoes-legais.html,id-ID,1,CANONICALIZE_EXISTING_ALIAS,id,HOLD_ROUTE_LEGAL,HOLD_ALIAS_AND_DERIVED_LOCALE_REVIEW,HOLD_ALIAS_CANONICALIZATION_CONTENT_REBASE_HUMAN_REVIEW,CANONICALIZE_ALIAS_REBASE_CONTENT_THEN_HUMAN_LINGUISTIC_REVIEW,True,False
PAGE_NOTIFICATIONS_DISCLAIMER,/notificacoes-legais.html,ko-KR,1,CANONICALIZE_EXISTING_ALIAS,ko,HOLD_ROUTE_LEGAL,HOLD_ALIAS_AND_DERIVED_LOCALE_REVIEW,HOLD_ALIAS_CANONICALIZATION_CONTENT_REBASE_HUMAN_REVIEW,CANONICALIZE_ALIAS_REBASE_CONTENT_THEN_HUMAN_LINGUISTIC_REVIEW,True,False
PAGE_NOTIFICATIONS_DISCLAIMER,/notificacoes-legais.html,nl-NL,1,CANONICALIZE_EXISTING_ALIAS,nl,HOLD_ROUTE_LEGAL,HOLD_ALIAS_AND_DERIVED_LOCALE_REVIEW,HOLD_ALIAS_CANONICALIZATION_CONTENT_REBASE_HUMAN_REVIEW,CANONICALIZE_ALIAS_REBASE_CONTENT_THEN_HUMAN_LINGUISTIC_REVIEW,True,False
PAGE_NOTIFICATIONS_DISCLAIMER,/notificacoes-legais.html,pl-PL,1,CANONICALIZE_EXISTING_ALIAS,pl,HOLD_ROUTE_LEGAL,HOLD_ALIAS_AND_DERIVED_LOCALE_REVIEW,HOLD_ALIAS_CANONICALIZATION_CONTENT_REBASE_HUMAN_REVIEW,CANONICALIZE_ALIAS_REBASE_CONTENT_THEN_HUMAN_LINGUISTIC_REVIEW,True,False
PAGE_NOTIFICATIONS_DISCLAIMER,/notificacoes-legais.html,ru-RU,1,CANONICALIZE_EXISTING_ALIAS,ru,HOLD_ROUTE_LEGAL,HOLD_ALIAS_AND_DERIVED_LOCALE_REVIEW,HOLD_ALIAS_CANONICALIZATION_CONTENT_REBASE_HUMAN_REVIEW,CANONICALIZE_ALIAS_REBASE_CONTENT_THEN_HUMAN_LINGUISTIC_REVIEW,True,False
PAGE_NOTIFICATIONS_DISCLAIMER,/notificacoes-legais.html,sv-SE,1,CANONICALIZE_EXISTING_ALIAS,sv,HOLD_ROUTE_LEGAL,HOLD_ALIAS_AND_DERIVED_LOCALE_REVIEW,HOLD_ALIAS_CANONICALIZATION_CONTENT_REBASE_HUMAN_REVIEW,CANONICALIZE_ALIAS_REBASE_CONTENT_THEN_HUMAN_LINGUISTIC_REVIEW,True,False
PAGE_NOTIFICATIONS_DISCLAIMER,/notificacoes-legais.html,tr-TR,1,CANONICALIZE_EXISTING_ALIAS,tr,HOLD_ROUTE_LEGAL,HOLD_ALIAS_AND_DERIVED_LOCALE_REVIEW,HOLD_ALIAS_CANONICALIZATION_CONTENT_REBASE_HUMAN_REVIEW,CANONICALIZE_ALIAS_REBASE_CONTENT_THEN_HUMAN_LINGUISTIC_REVIEW,True,False
PAGE_NOTIFICATIONS_DISCLAIMER,/notificacoes-legais.html,uk-UA,1,CANONICALIZE_EXISTING_ALIAS,uk,HOLD_ROUTE_LEGAL,HOLD_ALIAS_AND_DERIVED_LOCALE_REVIEW,HOLD_ALIAS_CANONICALIZATION_CONTENT_REBASE_HUMAN_REVIEW,CANONICALIZE_ALIAS_REBASE_CONTENT_THEN_HUMAN_LINGUISTIC_REVIEW,True,False
PAGE_NOTIFICATIONS_DISCLAIMER,/notificacoes-legais.html,vi-VN,1,CANONICALIZE_EXISTING_ALIAS,vi,HOLD_ROUTE_LEGAL,HOLD_ALIAS_AND_DERIVED_LOCALE_REVIEW,HOLD_ALIAS_CANONICALIZATION_CONTENT_REBASE_HUMAN_REVIEW,CANONICALIZE_ALIAS_REBASE_CONTENT_THEN_HUMAN_LINGUISTIC_REVIEW,True,False
PAGE_NOTIFICATIONS_DISCLAIMER,/notificacoes-legais.html,zh-CN,1,CANONICALIZE_EXISTING_ALIAS,zh,HOLD_ROUTE_LEGAL,HOLD_ALIAS_AND_DERIVED_LOCALE_REVIEW,HOLD_ALIAS_CANONICALIZATION_CONTENT_REBASE_HUMAN_REVIEW,CANONICALIZE_ALIAS_REBASE_CONTENT_THEN_HUMAN_LINGUISTIC_REVIEW,True,False
PAGE_EDITORIAL_POLICY,/politica-editorial.html,ar,0,ALREADY_ACTIVE_CANONICAL,,HOLD_ROUTE_DECISION,HOLD_DERIVED_LOCALE_REVIEW,HOLD_CONTENT_REBASE_HUMAN_LINGUISTIC_REVIEW,REBASE_FROM_PT_BR_SUCCESSOR_THEN_HUMAN_LINGUISTIC_REVIEW,True,False
PAGE_EDITORIAL_POLICY,/politica-editorial.html,de,0,ALREADY_ACTIVE_CANONICAL,,HOLD_ROUTE_DECISION,HOLD_DERIVED_LOCALE_REVIEW,HOLD_CONTENT_REBASE_HUMAN_LINGUISTIC_REVIEW,REBASE_FROM_PT_BR_SUCCESSOR_THEN_HUMAN_LINGUISTIC_REVIEW,True,False
PAGE_EDITORIAL_POLICY,/politica-editorial.html,en,0,ALREADY_ACTIVE_CANONICAL,,HOLD_ROUTE_DECISION,HOLD_DERIVED_LOCALE_REVIEW,HOLD_CONTENT_REBASE_HUMAN_LINGUISTIC_REVIEW,REBASE_FROM_PT_BR_SUCCESSOR_THEN_HUMAN_LINGUISTIC_REVIEW,True,False
PAGE_EDITORIAL_POLICY,/politica-editorial.html,es,0,ALREADY_ACTIVE_CANONICAL,,HOLD_ROUTE_DECISION,HOLD_DERIVED_LOCALE_REVIEW,HOLD_CONTENT_REBASE_HUMAN_LINGUISTIC_REVIEW,REBASE_FROM_PT_BR_SUCCESSOR_THEN_HUMAN_LINGUISTIC_REVIEW,True,False
PAGE_EDITORIAL_POLICY,/politica-editorial.html,fr,0,ALREADY_ACTIVE_CANONICAL,,HOLD_ROUTE_DECISION,HOLD_DERIVED_LOCALE_REVIEW,HOLD_CONTENT_REBASE_HUMAN_LINGUISTIC_REVIEW,REBASE_FROM_PT_BR_SUCCESSOR_THEN_HUMAN_LINGUISTIC_REVIEW,True,False
PAGE_EDITORIAL_POLICY,/politica-editorial.html,it,0,ALREADY_ACTIVE_CANONICAL,,HOLD_ROUTE_DECISION,HOLD_DERIVED_LOCALE_REVIEW,HOLD_CONTENT_REBASE_HUMAN_LINGUISTIC_REVIEW,REBASE_FROM_PT_BR_SUCCESSOR_THEN_HUMAN_LINGUISTIC_REVIEW,True,False
PAGE_EDITORIAL_POLICY,/politica-editorial.html,ja,0,ALREADY_ACTIVE_CANONICAL,,HOLD_ROUTE_DECISION,HOLD_DERIVED_LOCALE_REVIEW,HOLD_CONTENT_REBASE_HUMAN_LINGUISTIC_REVIEW,REBASE_FROM_PT_BR_SUCCESSOR_THEN_HUMAN_LINGUISTIC_REVIEW,True,False
PAGE_EDITORIAL_POLICY,/politica-editorial.html,pt-BR,0,ALREADY_ACTIVE_CANONICAL,,HOLD_ROUTE_DECISION,PASS_SOURCE_LOCALE_STATIC,HOLD_ROUTE_DECISION,CHECKER_AUDIT_AND_RESOLVE_PAGE_SCOPED_HOLDS,True,False
PAGE_EDITORIAL_POLICY,/politica-editorial.html,bg-BG,1,NEW_BASE_LANGUAGE_TRANSLATION,,HOLD_ROUTE_DECISION,HOLD_TRANSLATION_AND_DERIVED_LOCALE_REVIEW,HOLD_TRANSLATION_REQUIRED_HUMAN_REVIEW,CREATE_TRANSLATION_FROM_CONTROLLED_PT_BR_THEN_HUMAN_LINGUISTIC_REVIEW,True,False
PAGE_EDITORIAL_POLICY,/politica-editorial.html,cs-CZ,1,NEW_BASE_LANGUAGE_TRANSLATION,,HOLD_ROUTE_DECISION,HOLD_TRANSLATION_AND_DERIVED_LOCALE_REVIEW,HOLD_TRANSLATION_REQUIRED_HUMAN_REVIEW,CREATE_TRANSLATION_FROM_CONTROLLED_PT_BR_THEN_HUMAN_LINGUISTIC_REVIEW,True,False
PAGE_EDITORIAL_POLICY,/politica-editorial.html,da-DK,1,NEW_BASE_LANGUAGE_TRANSLATION,,HOLD_ROUTE_DECISION,HOLD_TRANSLATION_AND_DERIVED_LOCALE_REVIEW,HOLD_TRANSLATION_REQUIRED_HUMAN_REVIEW,CREATE_TRANSLATION_FROM_CONTROLLED_PT_BR_THEN_HUMAN_LINGUISTIC_REVIEW,True,False
PAGE_EDITORIAL_POLICY,/politica-editorial.html,fi-FI,1,NEW_BASE_LANGUAGE_TRANSLATION,,HOLD_ROUTE_DECISION,HOLD_TRANSLATION_AND_DERIVED_LOCALE_REVIEW,HOLD_TRANSLATION_REQUIRED_HUMAN_REVIEW,CREATE_TRANSLATION_FROM_CONTROLLED_PT_BR_THEN_HUMAN_LINGUISTIC_REVIEW,True,False
PAGE_EDITORIAL_POLICY,/politica-editorial.html,hr-HR,1,NEW_BASE_LANGUAGE_TRANSLATION,,HOLD_ROUTE_DECISION,HOLD_TRANSLATION_AND_DERIVED_LOCALE_REVIEW,HOLD_TRANSLATION_REQUIRED_HUMAN_REVIEW,CREATE_TRANSLATION_FROM_CONTROLLED_PT_BR_THEN_HUMAN_LINGUISTIC_REVIEW,True,False
PAGE_EDITORIAL_POLICY,/politica-editorial.html,hu-HU,1,NEW_BASE_LANGUAGE_TRANSLATION,,HOLD_ROUTE_DECISION,HOLD_TRANSLATION_AND_DERIVED_LOCALE_REVIEW,HOLD_TRANSLATION_REQUIRED_HUMAN_REVIEW,CREATE_TRANSLATION_FROM_CONTROLLED_PT_BR_THEN_HUMAN_LINGUISTIC_REVIEW,True,False
PAGE_EDITORIAL_POLICY,/politica-editorial.html,no-NO,1,NEW_BASE_LANGUAGE_TRANSLATION,,HOLD_ROUTE_DECISION,HOLD_TRANSLATION_AND_DERIVED_LOCALE_REVIEW,HOLD_TRANSLATION_REQUIRED_HUMAN_REVIEW,CREATE_TRANSLATION_FROM_CONTROLLED_PT_BR_THEN_HUMAN_LINGUISTIC_REVIEW,True,False
PAGE_EDITORIAL_POLICY,/politica-editorial.html,ro-RO,1,NEW_BASE_LANGUAGE_TRANSLATION,,HOLD_ROUTE_DECISION,HOLD_TRANSLATION_AND_DERIVED_LOCALE_REVIEW,HOLD_TRANSLATION_REQUIRED_HUMAN_REVIEW,CREATE_TRANSLATION_FROM_CONTROLLED_PT_BR_THEN_HUMAN_LINGUISTIC_REVIEW,True,False
PAGE_EDITORIAL_POLICY,/politica-editorial.html,sl-SI,1,NEW_BASE_LANGUAGE_TRANSLATION,,HOLD_ROUTE_DECISION,HOLD_TRANSLATION_AND_DERIVED_LOCALE_REVIEW,HOLD_TRANSLATION_REQUIRED_HUMAN_REVIEW,CREATE_TRANSLATION_FROM_CONTROLLED_PT_BR_THEN_HUMAN_LINGUISTIC_REVIEW,True,False
PAGE_EDITORIAL_POLICY,/politica-editorial.html,sr-RS,1,NEW_BASE_LANGUAGE_TRANSLATION,,HOLD_ROUTE_DECISION,HOLD_TRANSLATION_AND_DERIVED_LOCALE_REVIEW,HOLD_TRANSLATION_REQUIRED_HUMAN_REVIEW,CREATE_TRANSLATION_FROM_CONTROLLED_PT_BR_THEN_HUMAN_LINGUISTIC_REVIEW,True,False
PAGE_EDITORIAL_POLICY,/politica-editorial.html,th-TH,1,NEW_BASE_LANGUAGE_TRANSLATION,,HOLD_ROUTE_DECISION,HOLD_TRANSLATION_AND_DERIVED_LOCALE_REVIEW,HOLD_TRANSLATION_REQUIRED_HUMAN_REVIEW,CREATE_TRANSLATION_FROM_CONTROLLED_PT_BR_THEN_HUMAN_LINGUISTIC_REVIEW,True,False
PAGE_EDITORIAL_POLICY,/politica-editorial.html,hi-IN,1,CANONICALIZE_EXISTING_ALIAS,hi,HOLD_ROUTE_DECISION,HOLD_ALIAS_AND_DERIVED_LOCALE_REVIEW,HOLD_ALIAS_CANONICALIZATION_CONTENT_REBASE_HUMAN_REVIEW,CANONICALIZE_ALIAS_REBASE_CONTENT_THEN_HUMAN_LINGUISTIC_REVIEW,True,False
PAGE_EDITORIAL_POLICY,/politica-editorial.html,id-ID,1,CANONICALIZE_EXISTING_ALIAS,id,HOLD_ROUTE_DECISION,HOLD_ALIAS_AND_DERIVED_LOCALE_REVIEW,HOLD_ALIAS_CANONICALIZATION_CONTENT_REBASE_HUMAN_REVIEW,CANONICALIZE_ALIAS_REBASE_CONTENT_THEN_HUMAN_LINGUISTIC_REVIEW,True,False
PAGE_EDITORIAL_POLICY,/politica-editorial.html,ko-KR,1,CANONICALIZE_EXISTING_ALIAS,ko,HOLD_ROUTE_DECISION,HOLD_ALIAS_AND_DERIVED_LOCALE_REVIEW,HOLD_ALIAS_CANONICALIZATION_CONTENT_REBASE_HUMAN_REVIEW,CANONICALIZE_ALIAS_REBASE_CONTENT_THEN_HUMAN_LINGUISTIC_REVIEW,True,False
PAGE_EDITORIAL_POLICY,/politica-editorial.html,nl-NL,1,CANONICALIZE_EXISTING_ALIAS,nl,HOLD_ROUTE_DECISION,HOLD_ALIAS_AND_DERIVED_LOCALE_REVIEW,HOLD_ALIAS_CANONICALIZATION_CONTENT_REBASE_HUMAN_REVIEW,CANONICALIZE_ALIAS_REBASE_CONTENT_THEN_HUMAN_LINGUISTIC_REVIEW,True,False
PAGE_EDITORIAL_POLICY,/politica-editorial.html,pl-PL,1,CANONICALIZE_EXISTING_ALIAS,pl,HOLD_ROUTE_DECISION,HOLD_ALIAS_AND_DERIVED_LOCALE_REVIEW,HOLD_ALIAS_CANONICALIZATION_CONTENT_REBASE_HUMAN_REVIEW,CANONICALIZE_ALIAS_REBASE_CONTENT_THEN_HUMAN_LINGUISTIC_REVIEW,True,False
PAGE_EDITORIAL_POLICY,/politica-editorial.html,ru-RU,1,CANONICALIZE_EXISTING_ALIAS,ru,HOLD_ROUTE_DECISION,HOLD_ALIAS_AND_DERIVED_LOCALE_REVIEW,HOLD_ALIAS_CANONICALIZATION_CONTENT_REBASE_HUMAN_REVIEW,CANONICALIZE_ALIAS_REBASE_CONTENT_THEN_HUMAN_LINGUISTIC_REVIEW,True,False
PAGE_EDITORIAL_POLICY,/politica-editorial.html,sv-SE,1,CANONICALIZE_EXISTING_ALIAS,sv,HOLD_ROUTE_DECISION,HOLD_ALIAS_AND_DERIVED_LOCALE_REVIEW,HOLD_ALIAS_CANONICALIZATION_CONTENT_REBASE_HUMAN_REVIEW,CANONICALIZE_ALIAS_REBASE_CONTENT_THEN_HUMAN_LINGUISTIC_REVIEW,True,False
PAGE_EDITORIAL_POLICY,/politica-editorial.html,tr-TR,1,CANONICALIZE_EXISTING_ALIAS,tr,HOLD_ROUTE_DECISION,HOLD_ALIAS_AND_DERIVED_LOCALE_REVIEW,HOLD_ALIAS_CANONICALIZATION_CONTENT_REBASE_HUMAN_REVIEW,CANONICALIZE_ALIAS_REBASE_CONTENT_THEN_HUMAN_LINGUISTIC_REVIEW,True,False
PAGE_EDITORIAL_POLICY,/politica-editorial.html,uk-UA,1,CANONICALIZE_EXISTING_ALIAS,uk,HOLD_ROUTE_DECISION,HOLD_ALIAS_AND_DERIVED_LOCALE_REVIEW,HOLD_ALIAS_CANONICALIZATION_CONTENT_REBASE_HUMAN_REVIEW,CANONICALIZE_ALIAS_REBASE_CONTENT_THEN_HUMAN_LINGUISTIC_REVIEW,True,False
PAGE_EDITORIAL_POLICY,/politica-editorial.html,vi-VN,1,CANONICALIZE_EXISTING_ALIAS,vi,HOLD_ROUTE_DECISION,HOLD_ALIAS_AND_DERIVED_LOCALE_REVIEW,HOLD_ALIAS_CANONICALIZATION_CONTENT_REBASE_HUMAN_REVIEW,CANONICALIZE_ALIAS_REBASE_CONTENT_THEN_HUMAN_LINGUISTIC_REVIEW,True,False
PAGE_EDITORIAL_POLICY,/politica-editorial.html,zh-CN,1,CANONICALIZE_EXISTING_ALIAS,zh,HOLD_ROUTE_DECISION,HOLD_ALIAS_AND_DERIVED_LOCALE_REVIEW,HOLD_ALIAS_CANONICALIZATION_CONTENT_REBASE_HUMAN_REVIEW,CANONICALIZE_ALIAS_REBASE_CONTENT_THEN_HUMAN_LINGUISTIC_REVIEW,True,False
PAGE_CONTACT,/fale.html,ar,0,ALREADY_ACTIVE_CANONICAL,,HOLD_FORM_PRIVACY_RUNTIME,HOLD_DERIVED_LOCALE_REVIEW,HOLD_CONTENT_REBASE_HUMAN_LINGUISTIC_REVIEW,REBASE_FROM_PT_BR_SUCCESSOR_THEN_HUMAN_LINGUISTIC_REVIEW,True,False
PAGE_CONTACT,/fale.html,de,0,ALREADY_ACTIVE_CANONICAL,,HOLD_FORM_PRIVACY_RUNTIME,HOLD_DERIVED_LOCALE_REVIEW,HOLD_CONTENT_REBASE_HUMAN_LINGUISTIC_REVIEW,REBASE_FROM_PT_BR_SUCCESSOR_THEN_HUMAN_LINGUISTIC_REVIEW,True,False
PAGE_CONTACT,/fale.html,en,0,ALREADY_ACTIVE_CANONICAL,,HOLD_FORM_PRIVACY_RUNTIME,HOLD_DERIVED_LOCALE_REVIEW,HOLD_CONTENT_REBASE_HUMAN_LINGUISTIC_REVIEW,REBASE_FROM_PT_BR_SUCCESSOR_THEN_HUMAN_LINGUISTIC_REVIEW,True,False
PAGE_CONTACT,/fale.html,es,0,ALREADY_ACTIVE_CANONICAL,,HOLD_FORM_PRIVACY_RUNTIME,HOLD_DERIVED_LOCALE_REVIEW,HOLD_CONTENT_REBASE_HUMAN_LINGUISTIC_REVIEW,REBASE_FROM_PT_BR_SUCCESSOR_THEN_HUMAN_LINGUISTIC_REVIEW,True,False
PAGE_CONTACT,/fale.html,fr,0,ALREADY_ACTIVE_CANONICAL,,HOLD_FORM_PRIVACY_RUNTIME,HOLD_DERIVED_LOCALE_REVIEW,HOLD_CONTENT_REBASE_HUMAN_LINGUISTIC_REVIEW,REBASE_FROM_PT_BR_SUCCESSOR_THEN_HUMAN_LINGUISTIC_REVIEW,True,False
PAGE_CONTACT,/fale.html,it,0,ALREADY_ACTIVE_CANONICAL,,HOLD_FORM_PRIVACY_RUNTIME,HOLD_DERIVED_LOCALE_REVIEW,HOLD_CONTENT_REBASE_HUMAN_LINGUISTIC_REVIEW,REBASE_FROM_PT_BR_SUCCESSOR_THEN_HUMAN_LINGUISTIC_REVIEW,True,False
PAGE_CONTACT,/fale.html,ja,0,ALREADY_ACTIVE_CANONICAL,,HOLD_FORM_PRIVACY_RUNTIME,HOLD_DERIVED_LOCALE_REVIEW,HOLD_CONTENT_REBASE_HUMAN_LINGUISTIC_REVIEW,REBASE_FROM_PT_BR_SUCCESSOR_THEN_HUMAN_LINGUISTIC_REVIEW,True,False
PAGE_CONTACT,/fale.html,pt-BR,0,ALREADY_ACTIVE_CANONICAL,,HOLD_FORM_PRIVACY_RUNTIME,PASS_SOURCE_LOCALE_STATIC,HOLD_FORM_PRIVACY_RUNTIME,CHECKER_AUDIT_AND_RESOLVE_PAGE_SCOPED_HOLDS,True,False
PAGE_CONTACT,/fale.html,bg-BG,1,NEW_BASE_LANGUAGE_TRANSLATION,,HOLD_FORM_PRIVACY_RUNTIME,HOLD_TRANSLATION_AND_DERIVED_LOCALE_REVIEW,HOLD_TRANSLATION_REQUIRED_HUMAN_REVIEW,CREATE_TRANSLATION_FROM_CONTROLLED_PT_BR_THEN_HUMAN_LINGUISTIC_REVIEW,True,False
PAGE_CONTACT,/fale.html,cs-CZ,1,NEW_BASE_LANGUAGE_TRANSLATION,,HOLD_FORM_PRIVACY_RUNTIME,HOLD_TRANSLATION_AND_DERIVED_LOCALE_REVIEW,HOLD_TRANSLATION_REQUIRED_HUMAN_REVIEW,CREATE_TRANSLATION_FROM_CONTROLLED_PT_BR_THEN_HUMAN_LINGUISTIC_REVIEW,True,False
PAGE_CONTACT,/fale.html,da-DK,1,NEW_BASE_LANGUAGE_TRANSLATION,,HOLD_FORM_PRIVACY_RUNTIME,HOLD_TRANSLATION_AND_DERIVED_LOCALE_REVIEW,HOLD_TRANSLATION_REQUIRED_HUMAN_REVIEW,CREATE_TRANSLATION_FROM_CONTROLLED_PT_BR_THEN_HUMAN_LINGUISTIC_REVIEW,True,False
PAGE_CONTACT,/fale.html,fi-FI,1,NEW_BASE_LANGUAGE_TRANSLATION,,HOLD_FORM_PRIVACY_RUNTIME,HOLD_TRANSLATION_AND_DERIVED_LOCALE_REVIEW,HOLD_TRANSLATION_REQUIRED_HUMAN_REVIEW,CREATE_TRANSLATION_FROM_CONTROLLED_PT_BR_THEN_HUMAN_LINGUISTIC_REVIEW,True,False
PAGE_CONTACT,/fale.html,hr-HR,1,NEW_BASE_LANGUAGE_TRANSLATION,,HOLD_FORM_PRIVACY_RUNTIME,HOLD_TRANSLATION_AND_DERIVED_LOCALE_REVIEW,HOLD_TRANSLATION_REQUIRED_HUMAN_REVIEW,CREATE_TRANSLATION_FROM_CONTROLLED_PT_BR_THEN_HUMAN_LINGUISTIC_REVIEW,True,False
PAGE_CONTACT,/fale.html,hu-HU,1,NEW_BASE_LANGUAGE_TRANSLATION,,HOLD_FORM_PRIVACY_RUNTIME,HOLD_TRANSLATION_AND_DERIVED_LOCALE_REVIEW,HOLD_TRANSLATION_REQUIRED_HUMAN_REVIEW,CREATE_TRANSLATION_FROM_CONTROLLED_PT_BR_THEN_HUMAN_LINGUISTIC_REVIEW,True,False
PAGE_CONTACT,/fale.html,no-NO,1,NEW_BASE_LANGUAGE_TRANSLATION,,HOLD_FORM_PRIVACY_RUNTIME,HOLD_TRANSLATION_AND_DERIVED_LOCALE_REVIEW,HOLD_TRANSLATION_REQUIRED_HUMAN_REVIEW,CREATE_TRANSLATION_FROM_CONTROLLED_PT_BR_THEN_HUMAN_LINGUISTIC_REVIEW,True,False
PAGE_CONTACT,/fale.html,ro-RO,1,NEW_BASE_LANGUAGE_TRANSLATION,,HOLD_FORM_PRIVACY_RUNTIME,HOLD_TRANSLATION_AND_DERIVED_LOCALE_REVIEW,HOLD_TRANSLATION_REQUIRED_HUMAN_REVIEW,CREATE_TRANSLATION_FROM_CONTROLLED_PT_BR_THEN_HUMAN_LINGUISTIC_REVIEW,True,False
PAGE_CONTACT,/fale.html,sl-SI,1,NEW_BASE_LANGUAGE_TRANSLATION,,HOLD_FORM_PRIVACY_RUNTIME,HOLD_TRANSLATION_AND_DERIVED_LOCALE_REVIEW,HOLD_TRANSLATION_REQUIRED_HUMAN_REVIEW,CREATE_TRANSLATION_FROM_CONTROLLED_PT_BR_THEN_HUMAN_LINGUISTIC_REVIEW,True,False
PAGE_CONTACT,/fale.html,sr-RS,1,NEW_BASE_LANGUAGE_TRANSLATION,,HOLD_FORM_PRIVACY_RUNTIME,HOLD_TRANSLATION_AND_DERIVED_LOCALE_REVIEW,HOLD_TRANSLATION_REQUIRED_HUMAN_REVIEW,CREATE_TRANSLATION_FROM_CONTROLLED_PT_BR_THEN_HUMAN_LINGUISTIC_REVIEW,True,False
PAGE_CONTACT,/fale.html,th-TH,1,NEW_BASE_LANGUAGE_TRANSLATION,,HOLD_FORM_PRIVACY_RUNTIME,HOLD_TRANSLATION_AND_DERIVED_LOCALE_REVIEW,HOLD_TRANSLATION_REQUIRED_HUMAN_REVIEW,CREATE_TRANSLATION_FROM_CONTROLLED_PT_BR_THEN_HUMAN_LINGUISTIC_REVIEW,True,False
PAGE_CONTACT,/fale.html,hi-IN,1,CANONICALIZE_EXISTING_ALIAS,hi,HOLD_FORM_PRIVACY_RUNTIME,HOLD_ALIAS_AND_DERIVED_LOCALE_REVIEW,HOLD_ALIAS_CANONICALIZATION_CONTENT_REBASE_HUMAN_REVIEW,CANONICALIZE_ALIAS_REBASE_CONTENT_THEN_HUMAN_LINGUISTIC_REVIEW,True,False
PAGE_CONTACT,/fale.html,id-ID,1,CANONICALIZE_EXISTING_ALIAS,id,HOLD_FORM_PRIVACY_RUNTIME,HOLD_ALIAS_AND_DERIVED_LOCALE_REVIEW,HOLD_ALIAS_CANONICALIZATION_CONTENT_REBASE_HUMAN_REVIEW,CANONICALIZE_ALIAS_REBASE_CONTENT_THEN_HUMAN_LINGUISTIC_REVIEW,True,False
PAGE_CONTACT,/fale.html,ko-KR,1,CANONICALIZE_EXISTING_ALIAS,ko,HOLD_FORM_PRIVACY_RUNTIME,HOLD_ALIAS_AND_DERIVED_LOCALE_REVIEW,HOLD_ALIAS_CANONICALIZATION_CONTENT_REBASE_HUMAN_REVIEW,CANONICALIZE_ALIAS_REBASE_CONTENT_THEN_HUMAN_LINGUISTIC_REVIEW,True,False
PAGE_CONTACT,/fale.html,nl-NL,1,CANONICALIZE_EXISTING_ALIAS,nl,HOLD_FORM_PRIVACY_RUNTIME,HOLD_ALIAS_AND_DERIVED_LOCALE_REVIEW,HOLD_ALIAS_CANONICALIZATION_CONTENT_REBASE_HUMAN_REVIEW,CANONICALIZE_ALIAS_REBASE_CONTENT_THEN_HUMAN_LINGUISTIC_REVIEW,True,False
PAGE_CONTACT,/fale.html,pl-PL,1,CANONICALIZE_EXISTING_ALIAS,pl,HOLD_FORM_PRIVACY_RUNTIME,HOLD_ALIAS_AND_DERIVED_LOCALE_REVIEW,HOLD_ALIAS_CANONICALIZATION_CONTENT_REBASE_HUMAN_REVIEW,CANONICALIZE_ALIAS_REBASE_CONTENT_THEN_HUMAN_LINGUISTIC_REVIEW,True,False
PAGE_CONTACT,/fale.html,ru-RU,1,CANONICALIZE_EXISTING_ALIAS,ru,HOLD_FORM_PRIVACY_RUNTIME,HOLD_ALIAS_AND_DERIVED_LOCALE_REVIEW,HOLD_ALIAS_CANONICALIZATION_CONTENT_REBASE_HUMAN_REVIEW,CANONICALIZE_ALIAS_REBASE_CONTENT_THEN_HUMAN_LINGUISTIC_REVIEW,True,False
PAGE_CONTACT,/fale.html,sv-SE,1,CANONICALIZE_EXISTING_ALIAS,sv,HOLD_FORM_PRIVACY_RUNTIME,HOLD_ALIAS_AND_DERIVED_LOCALE_REVIEW,HOLD_ALIAS_CANONICALIZATION_CONTENT_REBASE_HUMAN_REVIEW,CANONICALIZE_ALIAS_REBASE_CONTENT_THEN_HUMAN_LINGUISTIC_REVIEW,True,False
PAGE_CONTACT,/fale.html,tr-TR,1,CANONICALIZE_EXISTING_ALIAS,tr,HOLD_FORM_PRIVACY_RUNTIME,HOLD_ALIAS_AND_DERIVED_LOCALE_REVIEW,HOLD_ALIAS_CANONICALIZATION_CONTENT_REBASE_HUMAN_REVIEW,CANONICALIZE_ALIAS_REBASE_CONTENT_THEN_HUMAN_LINGUISTIC_REVIEW,True,False
PAGE_CONTACT,/fale.html,uk-UA,1,CANONICALIZE_EXISTING_ALIAS,uk,HOLD_FORM_PRIVACY_RUNTIME,HOLD_ALIAS_AND_DERIVED_LOCALE_REVIEW,HOLD_ALIAS_CANONICALIZATION_CONTENT_REBASE_HUMAN_REVIEW,CANONICALIZE_ALIAS_REBASE_CONTENT_THEN_HUMAN_LINGUISTIC_REVIEW,True,False
PAGE_CONTACT,/fale.html,vi-VN,1,CANONICALIZE_EXISTING_ALIAS,vi,HOLD_FORM_PRIVACY_RUNTIME,HOLD_ALIAS_AND_DERIVED_LOCALE_REVIEW,HOLD_ALIAS_CANONICALIZATION_CONTENT_REBASE_HUMAN_REVIEW,CANONICALIZE_ALIAS_REBASE_CONTENT_THEN_HUMAN_LINGUISTIC_REVIEW,True,False
PAGE_CONTACT,/fale.html,zh-CN,1,CANONICALIZE_EXISTING_ALIAS,zh,HOLD_FORM_PRIVACY_RUNTIME,HOLD_ALIAS_AND_DERIVED_LOCALE_REVIEW,HOLD_ALIAS_CANONICALIZATION_CONTENT_REBASE_HUMAN_REVIEW,CANONICALIZE_ALIAS_REBASE_CONTENT_THEN_HUMAN_LINGUISTIC_REVIEW,True,False
PAGE_NURSING_FORUM_REMEDIATION,/forum-enfermagem.html,ar,0,ALREADY_ACTIVE_CANONICAL,,HOLD_CRITICAL_SECURITY_PRIVACY,HOLD_DERIVED_LOCALE_REVIEW,HOLD_CONTENT_REBASE_HUMAN_LINGUISTIC_REVIEW,REBASE_FROM_PT_BR_SUCCESSOR_THEN_HUMAN_LINGUISTIC_REVIEW,True,False
PAGE_NURSING_FORUM_REMEDIATION,/forum-enfermagem.html,de,0,ALREADY_ACTIVE_CANONICAL,,HOLD_CRITICAL_SECURITY_PRIVACY,HOLD_DERIVED_LOCALE_REVIEW,HOLD_CONTENT_REBASE_HUMAN_LINGUISTIC_REVIEW,REBASE_FROM_PT_BR_SUCCESSOR_THEN_HUMAN_LINGUISTIC_REVIEW,True,False
PAGE_NURSING_FORUM_REMEDIATION,/forum-enfermagem.html,en,0,ALREADY_ACTIVE_CANONICAL,,HOLD_CRITICAL_SECURITY_PRIVACY,HOLD_DERIVED_LOCALE_REVIEW,HOLD_CONTENT_REBASE_HUMAN_LINGUISTIC_REVIEW,REBASE_FROM_PT_BR_SUCCESSOR_THEN_HUMAN_LINGUISTIC_REVIEW,True,False
PAGE_NURSING_FORUM_REMEDIATION,/forum-enfermagem.html,es,0,ALREADY_ACTIVE_CANONICAL,,HOLD_CRITICAL_SECURITY_PRIVACY,HOLD_DERIVED_LOCALE_REVIEW,HOLD_CONTENT_REBASE_HUMAN_LINGUISTIC_REVIEW,REBASE_FROM_PT_BR_SUCCESSOR_THEN_HUMAN_LINGUISTIC_REVIEW,True,False
PAGE_NURSING_FORUM_REMEDIATION,/forum-enfermagem.html,fr,0,ALREADY_ACTIVE_CANONICAL,,HOLD_CRITICAL_SECURITY_PRIVACY,HOLD_DERIVED_LOCALE_REVIEW,HOLD_CONTENT_REBASE_HUMAN_LINGUISTIC_REVIEW,REBASE_FROM_PT_BR_SUCCESSOR_THEN_HUMAN_LINGUISTIC_REVIEW,True,False
PAGE_NURSING_FORUM_REMEDIATION,/forum-enfermagem.html,it,0,ALREADY_ACTIVE_CANONICAL,,HOLD_CRITICAL_SECURITY_PRIVACY,HOLD_DERIVED_LOCALE_REVIEW,HOLD_CONTENT_REBASE_HUMAN_LINGUISTIC_REVIEW,REBASE_FROM_PT_BR_SUCCESSOR_THEN_HUMAN_LINGUISTIC_REVIEW,True,False
PAGE_NURSING_FORUM_REMEDIATION,/forum-enfermagem.html,ja,0,ALREADY_ACTIVE_CANONICAL,,HOLD_CRITICAL_SECURITY_PRIVACY,HOLD_DERIVED_LOCALE_REVIEW,HOLD_CONTENT_REBASE_HUMAN_LINGUISTIC_REVIEW,REBASE_FROM_PT_BR_SUCCESSOR_THEN_HUMAN_LINGUISTIC_REVIEW,True,False
PAGE_NURSING_FORUM_REMEDIATION,/forum-enfermagem.html,pt-BR,0,ALREADY_ACTIVE_CANONICAL,,HOLD_CRITICAL_SECURITY_PRIVACY,PASS_SOURCE_LOCALE_STATIC,HOLD_CRITICAL_SECURITY_PRIVACY,CHECKER_AUDIT_AND_RESOLVE_PAGE_SCOPED_HOLDS,True,False
PAGE_NURSING_FORUM_REMEDIATION,/forum-enfermagem.html,bg-BG,1,NEW_BASE_LANGUAGE_TRANSLATION,,HOLD_CRITICAL_SECURITY_PRIVACY,HOLD_TRANSLATION_AND_DERIVED_LOCALE_REVIEW,HOLD_TRANSLATION_REQUIRED_HUMAN_REVIEW,CREATE_TRANSLATION_FROM_CONTROLLED_PT_BR_THEN_HUMAN_LINGUISTIC_REVIEW,True,False
PAGE_NURSING_FORUM_REMEDIATION,/forum-enfermagem.html,cs-CZ,1,NEW_BASE_LANGUAGE_TRANSLATION,,HOLD_CRITICAL_SECURITY_PRIVACY,HOLD_TRANSLATION_AND_DERIVED_LOCALE_REVIEW,HOLD_TRANSLATION_REQUIRED_HUMAN_REVIEW,CREATE_TRANSLATION_FROM_CONTROLLED_PT_BR_THEN_HUMAN_LINGUISTIC_REVIEW,True,False
PAGE_NURSING_FORUM_REMEDIATION,/forum-enfermagem.html,da-DK,1,NEW_BASE_LANGUAGE_TRANSLATION,,HOLD_CRITICAL_SECURITY_PRIVACY,HOLD_TRANSLATION_AND_DERIVED_LOCALE_REVIEW,HOLD_TRANSLATION_REQUIRED_HUMAN_REVIEW,CREATE_TRANSLATION_FROM_CONTROLLED_PT_BR_THEN_HUMAN_LINGUISTIC_REVIEW,True,False
PAGE_NURSING_FORUM_REMEDIATION,/forum-enfermagem.html,fi-FI,1,NEW_BASE_LANGUAGE_TRANSLATION,,HOLD_CRITICAL_SECURITY_PRIVACY,HOLD_TRANSLATION_AND_DERIVED_LOCALE_REVIEW,HOLD_TRANSLATION_REQUIRED_HUMAN_REVIEW,CREATE_TRANSLATION_FROM_CONTROLLED_PT_BR_THEN_HUMAN_LINGUISTIC_REVIEW,True,False
PAGE_NURSING_FORUM_REMEDIATION,/forum-enfermagem.html,hr-HR,1,NEW_BASE_LANGUAGE_TRANSLATION,,HOLD_CRITICAL_SECURITY_PRIVACY,HOLD_TRANSLATION_AND_DERIVED_LOCALE_REVIEW,HOLD_TRANSLATION_REQUIRED_HUMAN_REVIEW,CREATE_TRANSLATION_FROM_CONTROLLED_PT_BR_THEN_HUMAN_LINGUISTIC_REVIEW,True,False
PAGE_NURSING_FORUM_REMEDIATION,/forum-enfermagem.html,hu-HU,1,NEW_BASE_LANGUAGE_TRANSLATION,,HOLD_CRITICAL_SECURITY_PRIVACY,HOLD_TRANSLATION_AND_DERIVED_LOCALE_REVIEW,HOLD_TRANSLATION_REQUIRED_HUMAN_REVIEW,CREATE_TRANSLATION_FROM_CONTROLLED_PT_BR_THEN_HUMAN_LINGUISTIC_REVIEW,True,False
PAGE_NURSING_FORUM_REMEDIATION,/forum-enfermagem.html,no-NO,1,NEW_BASE_LANGUAGE_TRANSLATION,,HOLD_CRITICAL_SECURITY_PRIVACY,HOLD_TRANSLATION_AND_DERIVED_LOCALE_REVIEW,HOLD_TRANSLATION_REQUIRED_HUMAN_REVIEW,CREATE_TRANSLATION_FROM_CONTROLLED_PT_BR_THEN_HUMAN_LINGUISTIC_REVIEW,True,False
PAGE_NURSING_FORUM_REMEDIATION,/forum-enfermagem.html,ro-RO,1,NEW_BASE_LANGUAGE_TRANSLATION,,HOLD_CRITICAL_SECURITY_PRIVACY,HOLD_TRANSLATION_AND_DERIVED_LOCALE_REVIEW,HOLD_TRANSLATION_REQUIRED_HUMAN_REVIEW,CREATE_TRANSLATION_FROM_CONTROLLED_PT_BR_THEN_HUMAN_LINGUISTIC_REVIEW,True,False
PAGE_NURSING_FORUM_REMEDIATION,/forum-enfermagem.html,sl-SI,1,NEW_BASE_LANGUAGE_TRANSLATION,,HOLD_CRITICAL_SECURITY_PRIVACY,HOLD_TRANSLATION_AND_DERIVED_LOCALE_REVIEW,HOLD_TRANSLATION_REQUIRED_HUMAN_REVIEW,CREATE_TRANSLATION_FROM_CONTROLLED_PT_BR_THEN_HUMAN_LINGUISTIC_REVIEW,True,False
PAGE_NURSING_FORUM_REMEDIATION,/forum-enfermagem.html,sr-RS,1,NEW_BASE_LANGUAGE_TRANSLATION,,HOLD_CRITICAL_SECURITY_PRIVACY,HOLD_TRANSLATION_AND_DERIVED_LOCALE_REVIEW,HOLD_TRANSLATION_REQUIRED_HUMAN_REVIEW,CREATE_TRANSLATION_FROM_CONTROLLED_PT_BR_THEN_HUMAN_LINGUISTIC_REVIEW,True,False
PAGE_NURSING_FORUM_REMEDIATION,/forum-enfermagem.html,th-TH,1,NEW_BASE_LANGUAGE_TRANSLATION,,HOLD_CRITICAL_SECURITY_PRIVACY,HOLD_TRANSLATION_AND_DERIVED_LOCALE_REVIEW,HOLD_TRANSLATION_REQUIRED_HUMAN_REVIEW,CREATE_TRANSLATION_FROM_CONTROLLED_PT_BR_THEN_HUMAN_LINGUISTIC_REVIEW,True,False
PAGE_NURSING_FORUM_REMEDIATION,/forum-enfermagem.html,hi-IN,1,CANONICALIZE_EXISTING_ALIAS,hi,HOLD_CRITICAL_SECURITY_PRIVACY,HOLD_ALIAS_AND_DERIVED_LOCALE_REVIEW,HOLD_ALIAS_CANONICALIZATION_CONTENT_REBASE_HUMAN_REVIEW,CANONICALIZE_ALIAS_REBASE_CONTENT_THEN_HUMAN_LINGUISTIC_REVIEW,True,False
PAGE_NURSING_FORUM_REMEDIATION,/forum-enfermagem.html,id-ID,1,CANONICALIZE_EXISTING_ALIAS,id,HOLD_CRITICAL_SECURITY_PRIVACY,HOLD_ALIAS_AND_DERIVED_LOCALE_REVIEW,HOLD_ALIAS_CANONICALIZATION_CONTENT_REBASE_HUMAN_REVIEW,CANONICALIZE_ALIAS_REBASE_CONTENT_THEN_HUMAN_LINGUISTIC_REVIEW,True,False
PAGE_NURSING_FORUM_REMEDIATION,/forum-enfermagem.html,ko-KR,1,CANONICALIZE_EXISTING_ALIAS,ko,HOLD_CRITICAL_SECURITY_PRIVACY,HOLD_ALIAS_AND_DERIVED_LOCALE_REVIEW,HOLD_ALIAS_CANONICALIZATION_CONTENT_REBASE_HUMAN_REVIEW,CANONICALIZE_ALIAS_REBASE_CONTENT_THEN_HUMAN_LINGUISTIC_REVIEW,True,False
PAGE_NURSING_FORUM_REMEDIATION,/forum-enfermagem.html,nl-NL,1,CANONICALIZE_EXISTING_ALIAS,nl,HOLD_CRITICAL_SECURITY_PRIVACY,HOLD_ALIAS_AND_DERIVED_LOCALE_REVIEW,HOLD_ALIAS_CANONICALIZATION_CONTENT_REBASE_HUMAN_REVIEW,CANONICALIZE_ALIAS_REBASE_CONTENT_THEN_HUMAN_LINGUISTIC_REVIEW,True,False
PAGE_NURSING_FORUM_REMEDIATION,/forum-enfermagem.html,pl-PL,1,CANONICALIZE_EXISTING_ALIAS,pl,HOLD_CRITICAL_SECURITY_PRIVACY,HOLD_ALIAS_AND_DERIVED_LOCALE_REVIEW,HOLD_ALIAS_CANONICALIZATION_CONTENT_REBASE_HUMAN_REVIEW,CANONICALIZE_ALIAS_REBASE_CONTENT_THEN_HUMAN_LINGUISTIC_REVIEW,True,False
PAGE_NURSING_FORUM_REMEDIATION,/forum-enfermagem.html,ru-RU,1,CANONICALIZE_EXISTING_ALIAS,ru,HOLD_CRITICAL_SECURITY_PRIVACY,HOLD_ALIAS_AND_DERIVED_LOCALE_REVIEW,HOLD_ALIAS_CANONICALIZATION_CONTENT_REBASE_HUMAN_REVIEW,CANONICALIZE_ALIAS_REBASE_CONTENT_THEN_HUMAN_LINGUISTIC_REVIEW,True,False
PAGE_NURSING_FORUM_REMEDIATION,/forum-enfermagem.html,sv-SE,1,CANONICALIZE_EXISTING_ALIAS,sv,HOLD_CRITICAL_SECURITY_PRIVACY,HOLD_ALIAS_AND_DERIVED_LOCALE_REVIEW,HOLD_ALIAS_CANONICALIZATION_CONTENT_REBASE_HUMAN_REVIEW,CANONICALIZE_ALIAS_REBASE_CONTENT_THEN_HUMAN_LINGUISTIC_REVIEW,True,False
PAGE_NURSING_FORUM_REMEDIATION,/forum-enfermagem.html,tr-TR,1,CANONICALIZE_EXISTING_ALIAS,tr,HOLD_CRITICAL_SECURITY_PRIVACY,HOLD_ALIAS_AND_DERIVED_LOCALE_REVIEW,HOLD_ALIAS_CANONICALIZATION_CONTENT_REBASE_HUMAN_REVIEW,CANONICALIZE_ALIAS_REBASE_CONTENT_THEN_HUMAN_LINGUISTIC_REVIEW,True,False
PAGE_NURSING_FORUM_REMEDIATION,/forum-enfermagem.html,uk-UA,1,CANONICALIZE_EXISTING_ALIAS,uk,HOLD_CRITICAL_SECURITY_PRIVACY,HOLD_ALIAS_AND_DERIVED_LOCALE_REVIEW,HOLD_ALIAS_CANONICALIZATION_CONTENT_REBASE_HUMAN_REVIEW,CANONICALIZE_ALIAS_REBASE_CONTENT_THEN_HUMAN_LINGUISTIC_REVIEW,True,False
PAGE_NURSING_FORUM_REMEDIATION,/forum-enfermagem.html,vi-VN,1,CANONICALIZE_EXISTING_ALIAS,vi,HOLD_CRITICAL_SECURITY_PRIVACY,HOLD_ALIAS_AND_DERIVED_LOCALE_REVIEW,HOLD_ALIAS_CANONICALIZATION_CONTENT_REBASE_HUMAN_REVIEW,CANONICALIZE_ALIAS_REBASE_CONTENT_THEN_HUMAN_LINGUISTIC_REVIEW,True,False
PAGE_NURSING_FORUM_REMEDIATION,/forum-enfermagem.html,zh-CN,1,CANONICALIZE_EXISTING_ALIAS,zh,HOLD_CRITICAL_SECURITY_PRIVACY,HOLD_ALIAS_AND_DERIVED_LOCALE_REVIEW,HOLD_ALIAS_CANONICALIZATION_CONTENT_REBASE_HUMAN_REVIEW,CANONICALIZE_ALIAS_REBASE_CONTENT_THEN_HUMAN_LINGUISTIC_REVIEW,True,False
PAGE_SITEMAP,/mapa-do-site.html,ar,0,ALREADY_ACTIVE_CANONICAL,,HOLD_GRAPH_RUNTIME_BINDING,HOLD_DERIVED_LOCALE_REVIEW,HOLD_CONTENT_REBASE_HUMAN_LINGUISTIC_REVIEW,REBASE_FROM_PT_BR_SUCCESSOR_THEN_HUMAN_LINGUISTIC_REVIEW,True,False
PAGE_SITEMAP,/mapa-do-site.html,de,0,ALREADY_ACTIVE_CANONICAL,,HOLD_GRAPH_RUNTIME_BINDING,HOLD_DERIVED_LOCALE_REVIEW,HOLD_CONTENT_REBASE_HUMAN_LINGUISTIC_REVIEW,REBASE_FROM_PT_BR_SUCCESSOR_THEN_HUMAN_LINGUISTIC_REVIEW,True,False
PAGE_SITEMAP,/mapa-do-site.html,en,0,ALREADY_ACTIVE_CANONICAL,,HOLD_GRAPH_RUNTIME_BINDING,HOLD_DERIVED_LOCALE_REVIEW,HOLD_CONTENT_REBASE_HUMAN_LINGUISTIC_REVIEW,REBASE_FROM_PT_BR_SUCCESSOR_THEN_HUMAN_LINGUISTIC_REVIEW,True,False
PAGE_SITEMAP,/mapa-do-site.html,es,0,ALREADY_ACTIVE_CANONICAL,,HOLD_GRAPH_RUNTIME_BINDING,HOLD_DERIVED_LOCALE_REVIEW,HOLD_CONTENT_REBASE_HUMAN_LINGUISTIC_REVIEW,REBASE_FROM_PT_BR_SUCCESSOR_THEN_HUMAN_LINGUISTIC_REVIEW,True,False
PAGE_SITEMAP,/mapa-do-site.html,fr,0,ALREADY_ACTIVE_CANONICAL,,HOLD_GRAPH_RUNTIME_BINDING,HOLD_DERIVED_LOCALE_REVIEW,HOLD_CONTENT_REBASE_HUMAN_LINGUISTIC_REVIEW,REBASE_FROM_PT_BR_SUCCESSOR_THEN_HUMAN_LINGUISTIC_REVIEW,True,False
PAGE_SITEMAP,/mapa-do-site.html,it,0,ALREADY_ACTIVE_CANONICAL,,HOLD_GRAPH_RUNTIME_BINDING,HOLD_DERIVED_LOCALE_REVIEW,HOLD_CONTENT_REBASE_HUMAN_LINGUISTIC_REVIEW,REBASE_FROM_PT_BR_SUCCESSOR_THEN_HUMAN_LINGUISTIC_REVIEW,True,False
PAGE_SITEMAP,/mapa-do-site.html,ja,0,ALREADY_ACTIVE_CANONICAL,,HOLD_GRAPH_RUNTIME_BINDING,HOLD_DERIVED_LOCALE_REVIEW,HOLD_CONTENT_REBASE_HUMAN_LINGUISTIC_REVIEW,REBASE_FROM_PT_BR_SUCCESSOR_THEN_HUMAN_LINGUISTIC_REVIEW,True,False
PAGE_SITEMAP,/mapa-do-site.html,pt-BR,0,ALREADY_ACTIVE_CANONICAL,,HOLD_GRAPH_RUNTIME_BINDING,PASS_SOURCE_LOCALE_STATIC,HOLD_GRAPH_RUNTIME_BINDING,CHECKER_AUDIT_AND_RESOLVE_PAGE_SCOPED_HOLDS,True,False
PAGE_SITEMAP,/mapa-do-site.html,bg-BG,1,NEW_BASE_LANGUAGE_TRANSLATION,,HOLD_GRAPH_RUNTIME_BINDING,HOLD_TRANSLATION_AND_DERIVED_LOCALE_REVIEW,HOLD_TRANSLATION_REQUIRED_HUMAN_REVIEW,CREATE_TRANSLATION_FROM_CONTROLLED_PT_BR_THEN_HUMAN_LINGUISTIC_REVIEW,True,False
PAGE_SITEMAP,/mapa-do-site.html,cs-CZ,1,NEW_BASE_LANGUAGE_TRANSLATION,,HOLD_GRAPH_RUNTIME_BINDING,HOLD_TRANSLATION_AND_DERIVED_LOCALE_REVIEW,HOLD_TRANSLATION_REQUIRED_HUMAN_REVIEW,CREATE_TRANSLATION_FROM_CONTROLLED_PT_BR_THEN_HUMAN_LINGUISTIC_REVIEW,True,False
PAGE_SITEMAP,/mapa-do-site.html,da-DK,1,NEW_BASE_LANGUAGE_TRANSLATION,,HOLD_GRAPH_RUNTIME_BINDING,HOLD_TRANSLATION_AND_DERIVED_LOCALE_REVIEW,HOLD_TRANSLATION_REQUIRED_HUMAN_REVIEW,CREATE_TRANSLATION_FROM_CONTROLLED_PT_BR_THEN_HUMAN_LINGUISTIC_REVIEW,True,False
PAGE_SITEMAP,/mapa-do-site.html,fi-FI,1,NEW_BASE_LANGUAGE_TRANSLATION,,HOLD_GRAPH_RUNTIME_BINDING,HOLD_TRANSLATION_AND_DERIVED_LOCALE_REVIEW,HOLD_TRANSLATION_REQUIRED_HUMAN_REVIEW,CREATE_TRANSLATION_FROM_CONTROLLED_PT_BR_THEN_HUMAN_LINGUISTIC_REVIEW,True,False
PAGE_SITEMAP,/mapa-do-site.html,hr-HR,1,NEW_BASE_LANGUAGE_TRANSLATION,,HOLD_GRAPH_RUNTIME_BINDING,HOLD_TRANSLATION_AND_DERIVED_LOCALE_REVIEW,HOLD_TRANSLATION_REQUIRED_HUMAN_REVIEW,CREATE_TRANSLATION_FROM_CONTROLLED_PT_BR_THEN_HUMAN_LINGUISTIC_REVIEW,True,False
PAGE_SITEMAP,/mapa-do-site.html,hu-HU,1,NEW_BASE_LANGUAGE_TRANSLATION,,HOLD_GRAPH_RUNTIME_BINDING,HOLD_TRANSLATION_AND_DERIVED_LOCALE_REVIEW,HOLD_TRANSLATION_REQUIRED_HUMAN_REVIEW,CREATE_TRANSLATION_FROM_CONTROLLED_PT_BR_THEN_HUMAN_LINGUISTIC_REVIEW,True,False
PAGE_SITEMAP,/mapa-do-site.html,no-NO,1,NEW_BASE_LANGUAGE_TRANSLATION,,HOLD_GRAPH_RUNTIME_BINDING,HOLD_TRANSLATION_AND_DERIVED_LOCALE_REVIEW,HOLD_TRANSLATION_REQUIRED_HUMAN_REVIEW,CREATE_TRANSLATION_FROM_CONTROLLED_PT_BR_THEN_HUMAN_LINGUISTIC_REVIEW,True,False
PAGE_SITEMAP,/mapa-do-site.html,ro-RO,1,NEW_BASE_LANGUAGE_TRANSLATION,,HOLD_GRAPH_RUNTIME_BINDING,HOLD_TRANSLATION_AND_DERIVED_LOCALE_REVIEW,HOLD_TRANSLATION_REQUIRED_HUMAN_REVIEW,CREATE_TRANSLATION_FROM_CONTROLLED_PT_BR_THEN_HUMAN_LINGUISTIC_REVIEW,True,False
PAGE_SITEMAP,/mapa-do-site.html,sl-SI,1,NEW_BASE_LANGUAGE_TRANSLATION,,HOLD_GRAPH_RUNTIME_BINDING,HOLD_TRANSLATION_AND_DERIVED_LOCALE_REVIEW,HOLD_TRANSLATION_REQUIRED_HUMAN_REVIEW,CREATE_TRANSLATION_FROM_CONTROLLED_PT_BR_THEN_HUMAN_LINGUISTIC_REVIEW,True,False
PAGE_SITEMAP,/mapa-do-site.html,sr-RS,1,NEW_BASE_LANGUAGE_TRANSLATION,,HOLD_GRAPH_RUNTIME_BINDING,HOLD_TRANSLATION_AND_DERIVED_LOCALE_REVIEW,HOLD_TRANSLATION_REQUIRED_HUMAN_REVIEW,CREATE_TRANSLATION_FROM_CONTROLLED_PT_BR_THEN_HUMAN_LINGUISTIC_REVIEW,True,False
PAGE_SITEMAP,/mapa-do-site.html,th-TH,1,NEW_BASE_LANGUAGE_TRANSLATION,,HOLD_GRAPH_RUNTIME_BINDING,HOLD_TRANSLATION_AND_DERIVED_LOCALE_REVIEW,HOLD_TRANSLATION_REQUIRED_HUMAN_REVIEW,CREATE_TRANSLATION_FROM_CONTROLLED_PT_BR_THEN_HUMAN_LINGUISTIC_REVIEW,True,False
PAGE_SITEMAP,/mapa-do-site.html,hi-IN,1,CANONICALIZE_EXISTING_ALIAS,hi,HOLD_GRAPH_RUNTIME_BINDING,HOLD_ALIAS_AND_DERIVED_LOCALE_REVIEW,HOLD_ALIAS_CANONICALIZATION_CONTENT_REBASE_HUMAN_REVIEW,CANONICALIZE_ALIAS_REBASE_CONTENT_THEN_HUMAN_LINGUISTIC_REVIEW,True,False
PAGE_SITEMAP,/mapa-do-site.html,id-ID,1,CANONICALIZE_EXISTING_ALIAS,id,HOLD_GRAPH_RUNTIME_BINDING,HOLD_ALIAS_AND_DERIVED_LOCALE_REVIEW,HOLD_ALIAS_CANONICALIZATION_CONTENT_REBASE_HUMAN_REVIEW,CANONICALIZE_ALIAS_REBASE_CONTENT_THEN_HUMAN_LINGUISTIC_REVIEW,True,False
PAGE_SITEMAP,/mapa-do-site.html,ko-KR,1,CANONICALIZE_EXISTING_ALIAS,ko,HOLD_GRAPH_RUNTIME_BINDING,HOLD_ALIAS_AND_DERIVED_LOCALE_REVIEW,HOLD_ALIAS_CANONICALIZATION_CONTENT_REBASE_HUMAN_REVIEW,CANONICALIZE_ALIAS_REBASE_CONTENT_THEN_HUMAN_LINGUISTIC_REVIEW,True,False
PAGE_SITEMAP,/mapa-do-site.html,nl-NL,1,CANONICALIZE_EXISTING_ALIAS,nl,HOLD_GRAPH_RUNTIME_BINDING,HOLD_ALIAS_AND_DERIVED_LOCALE_REVIEW,HOLD_ALIAS_CANONICALIZATION_CONTENT_REBASE_HUMAN_REVIEW,CANONICALIZE_ALIAS_REBASE_CONTENT_THEN_HUMAN_LINGUISTIC_REVIEW,True,False
PAGE_SITEMAP,/mapa-do-site.html,pl-PL,1,CANONICALIZE_EXISTING_ALIAS,pl,HOLD_GRAPH_RUNTIME_BINDING,HOLD_ALIAS_AND_DERIVED_LOCALE_REVIEW,HOLD_ALIAS_CANONICALIZATION_CONTENT_REBASE_HUMAN_REVIEW,CANONICALIZE_ALIAS_REBASE_CONTENT_THEN_HUMAN_LINGUISTIC_REVIEW,True,False
PAGE_SITEMAP,/mapa-do-site.html,ru-RU,1,CANONICALIZE_EXISTING_ALIAS,ru,HOLD_GRAPH_RUNTIME_BINDING,HOLD_ALIAS_AND_DERIVED_LOCALE_REVIEW,HOLD_ALIAS_CANONICALIZATION_CONTENT_REBASE_HUMAN_REVIEW,CANONICALIZE_ALIAS_REBASE_CONTENT_THEN_HUMAN_LINGUISTIC_REVIEW,True,False
PAGE_SITEMAP,/mapa-do-site.html,sv-SE,1,CANONICALIZE_EXISTING_ALIAS,sv,HOLD_GRAPH_RUNTIME_BINDING,HOLD_ALIAS_AND_DERIVED_LOCALE_REVIEW,HOLD_ALIAS_CANONICALIZATION_CONTENT_REBASE_HUMAN_REVIEW,CANONICALIZE_ALIAS_REBASE_CONTENT_THEN_HUMAN_LINGUISTIC_REVIEW,True,False
PAGE_SITEMAP,/mapa-do-site.html,tr-TR,1,CANONICALIZE_EXISTING_ALIAS,tr,HOLD_GRAPH_RUNTIME_BINDING,HOLD_ALIAS_AND_DERIVED_LOCALE_REVIEW,HOLD_ALIAS_CANONICALIZATION_CONTENT_REBASE_HUMAN_REVIEW,CANONICALIZE_ALIAS_REBASE_CONTENT_THEN_HUMAN_LINGUISTIC_REVIEW,True,False
PAGE_SITEMAP,/mapa-do-site.html,uk-UA,1,CANONICALIZE_EXISTING_ALIAS,uk,HOLD_GRAPH_RUNTIME_BINDING,HOLD_ALIAS_AND_DERIVED_LOCALE_REVIEW,HOLD_ALIAS_CANONICALIZATION_CONTENT_REBASE_HUMAN_REVIEW,CANONICALIZE_ALIAS_REBASE_CONTENT_THEN_HUMAN_LINGUISTIC_REVIEW,True,False
PAGE_SITEMAP,/mapa-do-site.html,vi-VN,1,CANONICALIZE_EXISTING_ALIAS,vi,HOLD_GRAPH_RUNTIME_BINDING,HOLD_ALIAS_AND_DERIVED_LOCALE_REVIEW,HOLD_ALIAS_CANONICALIZATION_CONTENT_REBASE_HUMAN_REVIEW,CANONICALIZE_ALIAS_REBASE_CONTENT_THEN_HUMAN_LINGUISTIC_REVIEW,True,False
PAGE_SITEMAP,/mapa-do-site.html,zh-CN,1,CANONICALIZE_EXISTING_ALIAS,zh,HOLD_GRAPH_RUNTIME_BINDING,HOLD_ALIAS_AND_DERIVED_LOCALE_REVIEW,HOLD_ALIAS_CANONICALIZATION_CONTENT_REBASE_HUMAN_REVIEW,CANONICALIZE_ALIAS_REBASE_CONTENT_THEN_HUMAN_LINGUISTIC_REVIEW,True,False
